
 /----------------------------------------------------------------------------\
 |  yosys -- Yosys Open SYnthesis Suite                                       |
 |  Copyright (C) 2012 - 2026  Claire Xenia Wolf <claire@yosyshq.com>         |
 |  Distributed under an ISC-like license, type "license" to see terms        |
 \----------------------------------------------------------------------------/
 Yosys 0.62 (git sha1 7326bb7d6641500ecb285c291a54a662cb1e76cf, clang++ 21.1.2 -fPIC -O3)

1. Executing Liberty frontend: /home/runner/.ciel/ciel/ihp-sg13g2/versions/c4b8b4e5e7a05f375cca3815d51b3a37721fbf5c/ihp-sg13g2/libs.ref/sg13g2_stdcell/lib/sg13g2_stdcell_typ_1p20V_25C.lib
Imported 84 cell types from liberty file.

2. Executing Liberty frontend: /home/runner/.ciel/ciel/ihp-sg13g2/versions/c4b8b4e5e7a05f375cca3815d51b3a37721fbf5c/ihp-sg13g2/libs.ref/sg13g2_io/lib/sg13g2_io_typ_1p2V_3p3V_25C.lib
Imported 15 cell types from liberty file.
[INFO] Using SDC file '/home/runner/work/CDM_BOOTCAMP_PACMAN/CDM_BOOTCAMP_PACMAN/runs/wokwi/06-yosys-synthesis/synthesis.abc.sdc' for ABC…wtaf

3. Executing Verilog-2005 frontend: /home/runner/work/CDM_BOOTCAMP_PACMAN/CDM_BOOTCAMP_PACMAN/src/project.v
Parsing SystemVerilog input from `/home/runner/work/CDM_BOOTCAMP_PACMAN/CDM_BOOTCAMP_PACMAN/src/project.v' to AST representation.
Storing AST representation for module `$abstract\tt_um_ezumaex_pacman'.
Successfully finished Verilog frontend.

4. Executing Verilog-2005 frontend: /home/runner/work/CDM_BOOTCAMP_PACMAN/CDM_BOOTCAMP_PACMAN/src/hvsync_generator.v
Parsing SystemVerilog input from `/home/runner/work/CDM_BOOTCAMP_PACMAN/CDM_BOOTCAMP_PACMAN/src/hvsync_generator.v' to AST representation.
Storing AST representation for module `$abstract\hvsync_generator'.
Successfully finished Verilog frontend.

5. Executing HIERARCHY pass (managing design hierarchy).

6. Executing AST frontend in derive mode using pre-parsed AST for module `\tt_um_ezumaex_pacman'.
Generating RTLIL representation for module `\tt_um_ezumaex_pacman'.

6.1. Analyzing design hierarchy..
Top module:  \tt_um_ezumaex_pacman

6.2. Executing AST frontend in derive mode using pre-parsed AST for module `\hvsync_generator'.
Generating RTLIL representation for module `\hvsync_generator'.

6.3. Analyzing design hierarchy..
Top module:  \tt_um_ezumaex_pacman
Used module:     \hvsync_generator

6.4. Analyzing design hierarchy..
Top module:  \tt_um_ezumaex_pacman
Used module:     \hvsync_generator
Removing unused module `$abstract\hvsync_generator'.
Removing unused module `$abstract\tt_um_ezumaex_pacman'.
Removed 2 unused modules.
Renaming module tt_um_ezumaex_pacman to tt_um_ezumaex_pacman.

7. Executing ATTRMAP pass (move or copy attributes).
Removed attribute on tt_um_ezumaex_pacman.circle_hit$func$/home/runner/work/CDM_BOOTCAMP_PACMAN/CDM_BOOTCAMP_PACMAN/src/project.v:343$39.$result: single_bit_vector=1
Removed attribute on tt_um_ezumaex_pacman.circle_hit$func$/home/runner/work/CDM_BOOTCAMP_PACMAN/CDM_BOOTCAMP_PACMAN/src/project.v:317$38.$result: single_bit_vector=1
Removed attribute on tt_um_ezumaex_pacman.is_wall$func$/home/runner/work/CDM_BOOTCAMP_PACMAN/CDM_BOOTCAMP_PACMAN/src/project.v:267$37.$result: single_bit_vector=1
Removed attribute on tt_um_ezumaex_pacman.is_wall$func$/home/runner/work/CDM_BOOTCAMP_PACMAN/CDM_BOOTCAMP_PACMAN/src/project.v:144$36.$result: single_bit_vector=1
Removed attribute on tt_um_ezumaex_pacman.is_wall$func$/home/runner/work/CDM_BOOTCAMP_PACMAN/CDM_BOOTCAMP_PACMAN/src/project.v:144$35.$result: single_bit_vector=1
Removed attribute on tt_um_ezumaex_pacman.is_wall$func$/home/runner/work/CDM_BOOTCAMP_PACMAN/CDM_BOOTCAMP_PACMAN/src/project.v:143$34.$result: single_bit_vector=1
Removed attribute on tt_um_ezumaex_pacman.is_wall$func$/home/runner/work/CDM_BOOTCAMP_PACMAN/CDM_BOOTCAMP_PACMAN/src/project.v:143$33.$result: single_bit_vector=1
Removed attribute on tt_um_ezumaex_pacman.is_wall$func$/home/runner/work/CDM_BOOTCAMP_PACMAN/CDM_BOOTCAMP_PACMAN/src/project.v:142$32.$result: single_bit_vector=1
Removed attribute on tt_um_ezumaex_pacman.is_wall$func$/home/runner/work/CDM_BOOTCAMP_PACMAN/CDM_BOOTCAMP_PACMAN/src/project.v:142$31.$result: single_bit_vector=1
Removed attribute on tt_um_ezumaex_pacman.is_wall$func$/home/runner/work/CDM_BOOTCAMP_PACMAN/CDM_BOOTCAMP_PACMAN/src/project.v:141$30.$result: single_bit_vector=1
Removed attribute on tt_um_ezumaex_pacman.is_wall$func$/home/runner/work/CDM_BOOTCAMP_PACMAN/CDM_BOOTCAMP_PACMAN/src/project.v:141$29.$result: single_bit_vector=1
Removed attribute on tt_um_ezumaex_pacman.is_wall$func$/home/runner/work/CDM_BOOTCAMP_PACMAN/CDM_BOOTCAMP_PACMAN/src/project.v:116$28.$result: single_bit_vector=1
Removed attribute on tt_um_ezumaex_pacman.is_wall$func$/home/runner/work/CDM_BOOTCAMP_PACMAN/CDM_BOOTCAMP_PACMAN/src/project.v:116$27.$result: single_bit_vector=1
Removed attribute on tt_um_ezumaex_pacman.is_wall$func$/home/runner/work/CDM_BOOTCAMP_PACMAN/CDM_BOOTCAMP_PACMAN/src/project.v:115$26.$result: single_bit_vector=1
Removed attribute on tt_um_ezumaex_pacman.is_wall$func$/home/runner/work/CDM_BOOTCAMP_PACMAN/CDM_BOOTCAMP_PACMAN/src/project.v:115$25.$result: single_bit_vector=1
Removed attribute on tt_um_ezumaex_pacman.is_wall$func$/home/runner/work/CDM_BOOTCAMP_PACMAN/CDM_BOOTCAMP_PACMAN/src/project.v:114$24.$result: single_bit_vector=1
Removed attribute on tt_um_ezumaex_pacman.is_wall$func$/home/runner/work/CDM_BOOTCAMP_PACMAN/CDM_BOOTCAMP_PACMAN/src/project.v:114$23.$result: single_bit_vector=1
Removed attribute on tt_um_ezumaex_pacman.is_wall$func$/home/runner/work/CDM_BOOTCAMP_PACMAN/CDM_BOOTCAMP_PACMAN/src/project.v:113$22.$result: single_bit_vector=1
Removed attribute on tt_um_ezumaex_pacman.is_wall$func$/home/runner/work/CDM_BOOTCAMP_PACMAN/CDM_BOOTCAMP_PACMAN/src/project.v:113$21.$result: single_bit_vector=1
Removed attribute on tt_um_ezumaex_pacman.circle_hit$func$/home/runner/work/CDM_BOOTCAMP_PACMAN/CDM_BOOTCAMP_PACMAN/src/project.v:343$20.$result: single_bit_vector=1
Removed attribute on tt_um_ezumaex_pacman.circle_hit$func$/home/runner/work/CDM_BOOTCAMP_PACMAN/CDM_BOOTCAMP_PACMAN/src/project.v:317$19.$result: single_bit_vector=1
Removed attribute on tt_um_ezumaex_pacman.is_wall$func$/home/runner/work/CDM_BOOTCAMP_PACMAN/CDM_BOOTCAMP_PACMAN/src/project.v:267$18.$result: single_bit_vector=1
Removed attribute on tt_um_ezumaex_pacman.is_wall$func$/home/runner/work/CDM_BOOTCAMP_PACMAN/CDM_BOOTCAMP_PACMAN/src/project.v:144$16.$result: single_bit_vector=1
Removed attribute on tt_um_ezumaex_pacman.is_wall$func$/home/runner/work/CDM_BOOTCAMP_PACMAN/CDM_BOOTCAMP_PACMAN/src/project.v:144$15.$result: single_bit_vector=1
Removed attribute on tt_um_ezumaex_pacman.is_wall$func$/home/runner/work/CDM_BOOTCAMP_PACMAN/CDM_BOOTCAMP_PACMAN/src/project.v:143$14.$result: single_bit_vector=1
Removed attribute on tt_um_ezumaex_pacman.is_wall$func$/home/runner/work/CDM_BOOTCAMP_PACMAN/CDM_BOOTCAMP_PACMAN/src/project.v:143$13.$result: single_bit_vector=1
Removed attribute on tt_um_ezumaex_pacman.is_wall$func$/home/runner/work/CDM_BOOTCAMP_PACMAN/CDM_BOOTCAMP_PACMAN/src/project.v:142$12.$result: single_bit_vector=1
Removed attribute on tt_um_ezumaex_pacman.is_wall$func$/home/runner/work/CDM_BOOTCAMP_PACMAN/CDM_BOOTCAMP_PACMAN/src/project.v:142$11.$result: single_bit_vector=1
Removed attribute on tt_um_ezumaex_pacman.is_wall$func$/home/runner/work/CDM_BOOTCAMP_PACMAN/CDM_BOOTCAMP_PACMAN/src/project.v:141$10.$result: single_bit_vector=1
Removed attribute on tt_um_ezumaex_pacman.is_wall$func$/home/runner/work/CDM_BOOTCAMP_PACMAN/CDM_BOOTCAMP_PACMAN/src/project.v:141$9.$result: single_bit_vector=1
Removed attribute on tt_um_ezumaex_pacman.is_wall$func$/home/runner/work/CDM_BOOTCAMP_PACMAN/CDM_BOOTCAMP_PACMAN/src/project.v:116$8.$result: single_bit_vector=1
Removed attribute on tt_um_ezumaex_pacman.is_wall$func$/home/runner/work/CDM_BOOTCAMP_PACMAN/CDM_BOOTCAMP_PACMAN/src/project.v:116$7.$result: single_bit_vector=1
Removed attribute on tt_um_ezumaex_pacman.is_wall$func$/home/runner/work/CDM_BOOTCAMP_PACMAN/CDM_BOOTCAMP_PACMAN/src/project.v:115$6.$result: single_bit_vector=1
Removed attribute on tt_um_ezumaex_pacman.is_wall$func$/home/runner/work/CDM_BOOTCAMP_PACMAN/CDM_BOOTCAMP_PACMAN/src/project.v:115$5.$result: single_bit_vector=1
Removed attribute on tt_um_ezumaex_pacman.is_wall$func$/home/runner/work/CDM_BOOTCAMP_PACMAN/CDM_BOOTCAMP_PACMAN/src/project.v:114$4.$result: single_bit_vector=1
Removed attribute on tt_um_ezumaex_pacman.is_wall$func$/home/runner/work/CDM_BOOTCAMP_PACMAN/CDM_BOOTCAMP_PACMAN/src/project.v:114$3.$result: single_bit_vector=1
Removed attribute on tt_um_ezumaex_pacman.is_wall$func$/home/runner/work/CDM_BOOTCAMP_PACMAN/CDM_BOOTCAMP_PACMAN/src/project.v:113$2.$result: single_bit_vector=1
Removed attribute on tt_um_ezumaex_pacman.is_wall$func$/home/runner/work/CDM_BOOTCAMP_PACMAN/CDM_BOOTCAMP_PACMAN/src/project.v:113$1.$result: single_bit_vector=1

8. Executing TRIBUF pass.

9. Executing HIERARCHY pass (managing design hierarchy).

9.1. Analyzing design hierarchy..
Top module:  \tt_um_ezumaex_pacman
Used module:     \hvsync_generator

9.2. Analyzing design hierarchy..
Top module:  \tt_um_ezumaex_pacman
Used module:     \hvsync_generator
Removed 0 unused modules.

10. Executing PROC_CLEAN pass (remove empty switches from decision trees).
Cleaned up 0 empty switches.

11. Executing PROC_RMDEAD pass (remove dead branches from decision trees).
Marked 1 switch rules as full_case in process $proc$/home/runner/work/CDM_BOOTCAMP_PACMAN/CDM_BOOTCAMP_PACMAN/src/project.v:343$738 in module tt_um_ezumaex_pacman.
Marked 1 switch rules as full_case in process $proc$/home/runner/work/CDM_BOOTCAMP_PACMAN/CDM_BOOTCAMP_PACMAN/src/project.v:317$723 in module tt_um_ezumaex_pacman.
Marked 16 switch rules as full_case in process $proc$/home/runner/work/CDM_BOOTCAMP_PACMAN/CDM_BOOTCAMP_PACMAN/src/project.v:170$142 in module tt_um_ezumaex_pacman.
Marked 2 switch rules as full_case in process $proc$/home/runner/work/CDM_BOOTCAMP_PACMAN/CDM_BOOTCAMP_PACMAN/src/hvsync_generator.v:9$753 in module hvsync_generator.
Removed a total of 0 dead cases.

12. Executing PROC_PRUNE pass (remove redundant assignments in processes).
Removed 1 redundant assignment.
Promoted 79 assignments to connections.

13. Executing PROC_INIT pass (extract init attributes).

14. Executing PROC_ARST pass (detect async resets in processes).
Found async reset \rst_n in `\tt_um_ezumaex_pacman.$proc$/home/runner/work/CDM_BOOTCAMP_PACMAN/CDM_BOOTCAMP_PACMAN/src/project.v:170$142'.

15. Executing PROC_ROM pass (convert switches to ROMs).
Converted 0 switches.
<suppressed ~27 debug messages>

16. Executing PROC_MUX pass (convert decision trees to multiplexers).
Creating decoders for process `\tt_um_ezumaex_pacman.$proc$/home/runner/work/CDM_BOOTCAMP_PACMAN/CDM_BOOTCAMP_PACMAN/src/project.v:343$738'.
     1/1: $1\circle_hit$func$/home/runner/work/CDM_BOOTCAMP_PACMAN/CDM_BOOTCAMP_PACMAN/src/project.v:343$39.$result[0:0]$743
Creating decoders for process `\tt_um_ezumaex_pacman.$proc$/home/runner/work/CDM_BOOTCAMP_PACMAN/CDM_BOOTCAMP_PACMAN/src/project.v:317$723'.
     1/1: $1\circle_hit$func$/home/runner/work/CDM_BOOTCAMP_PACMAN/CDM_BOOTCAMP_PACMAN/src/project.v:317$38.$result[0:0]$728
Creating decoders for process `\tt_um_ezumaex_pacman.$proc$/home/runner/work/CDM_BOOTCAMP_PACMAN/CDM_BOOTCAMP_PACMAN/src/project.v:267$703'.
Creating decoders for process `\tt_um_ezumaex_pacman.$proc$/home/runner/work/CDM_BOOTCAMP_PACMAN/CDM_BOOTCAMP_PACMAN/src/project.v:144$683'.
Creating decoders for process `\tt_um_ezumaex_pacman.$proc$/home/runner/work/CDM_BOOTCAMP_PACMAN/CDM_BOOTCAMP_PACMAN/src/project.v:144$663'.
Creating decoders for process `\tt_um_ezumaex_pacman.$proc$/home/runner/work/CDM_BOOTCAMP_PACMAN/CDM_BOOTCAMP_PACMAN/src/project.v:143$643'.
Creating decoders for process `\tt_um_ezumaex_pacman.$proc$/home/runner/work/CDM_BOOTCAMP_PACMAN/CDM_BOOTCAMP_PACMAN/src/project.v:143$623'.
Creating decoders for process `\tt_um_ezumaex_pacman.$proc$/home/runner/work/CDM_BOOTCAMP_PACMAN/CDM_BOOTCAMP_PACMAN/src/project.v:142$603'.
Creating decoders for process `\tt_um_ezumaex_pacman.$proc$/home/runner/work/CDM_BOOTCAMP_PACMAN/CDM_BOOTCAMP_PACMAN/src/project.v:142$583'.
Creating decoders for process `\tt_um_ezumaex_pacman.$proc$/home/runner/work/CDM_BOOTCAMP_PACMAN/CDM_BOOTCAMP_PACMAN/src/project.v:141$563'.
Creating decoders for process `\tt_um_ezumaex_pacman.$proc$/home/runner/work/CDM_BOOTCAMP_PACMAN/CDM_BOOTCAMP_PACMAN/src/project.v:141$543'.
Creating decoders for process `\tt_um_ezumaex_pacman.$proc$/home/runner/work/CDM_BOOTCAMP_PACMAN/CDM_BOOTCAMP_PACMAN/src/project.v:116$523'.
Creating decoders for process `\tt_um_ezumaex_pacman.$proc$/home/runner/work/CDM_BOOTCAMP_PACMAN/CDM_BOOTCAMP_PACMAN/src/project.v:116$503'.
Creating decoders for process `\tt_um_ezumaex_pacman.$proc$/home/runner/work/CDM_BOOTCAMP_PACMAN/CDM_BOOTCAMP_PACMAN/src/project.v:115$483'.
Creating decoders for process `\tt_um_ezumaex_pacman.$proc$/home/runner/work/CDM_BOOTCAMP_PACMAN/CDM_BOOTCAMP_PACMAN/src/project.v:115$463'.
Creating decoders for process `\tt_um_ezumaex_pacman.$proc$/home/runner/work/CDM_BOOTCAMP_PACMAN/CDM_BOOTCAMP_PACMAN/src/project.v:114$443'.
Creating decoders for process `\tt_um_ezumaex_pacman.$proc$/home/runner/work/CDM_BOOTCAMP_PACMAN/CDM_BOOTCAMP_PACMAN/src/project.v:114$423'.
Creating decoders for process `\tt_um_ezumaex_pacman.$proc$/home/runner/work/CDM_BOOTCAMP_PACMAN/CDM_BOOTCAMP_PACMAN/src/project.v:113$403'.
Creating decoders for process `\tt_um_ezumaex_pacman.$proc$/home/runner/work/CDM_BOOTCAMP_PACMAN/CDM_BOOTCAMP_PACMAN/src/project.v:113$383'.
Creating decoders for process `\tt_um_ezumaex_pacman.$proc$/home/runner/work/CDM_BOOTCAMP_PACMAN/CDM_BOOTCAMP_PACMAN/src/project.v:170$142'.
     1/18: $5$lookahead\dots$141[63:0]$171
     2/18: $5$bitselwrite$pos$/home/runner/work/CDM_BOOTCAMP_PACMAN/CDM_BOOTCAMP_PACMAN/src/project.v:208$17[5:0]$170
     3/18: $4$lookahead\dots$141[63:0]$160
     4/18: $4$bitselwrite$pos$/home/runner/work/CDM_BOOTCAMP_PACMAN/CDM_BOOTCAMP_PACMAN/src/project.v:208$17[5:0]$159
     5/18: $3$lookahead\dots$141[63:0]$154
     6/18: $3$bitselwrite$pos$/home/runner/work/CDM_BOOTCAMP_PACMAN/CDM_BOOTCAMP_PACMAN/src/project.v:208$17[5:0]$153
     7/18: $2$lookahead\dots$141[63:0]$149
     8/18: $2$bitselwrite$pos$/home/runner/work/CDM_BOOTCAMP_PACMAN/CDM_BOOTCAMP_PACMAN/src/project.v:208$17[5:0]$148
     9/18: $1$lookahead\dots$141[63:0]$147
    10/18: $1$bitselwrite$pos$/home/runner/work/CDM_BOOTCAMP_PACMAN/CDM_BOOTCAMP_PACMAN/src/project.v:208$17[5:0]$146
    11/18: $0\power_timer[9:0]
    12/18: $0\frame_ctr[5:0]
    13/18: $0\pac_dir[1:0]
    14/18: $0\gy[9:0]
    15/18: $0\gx[9:0]
    16/18: $0\py[9:0]
    17/18: $0\px[9:0]
    18/18: $0\state[1:0]
Creating decoders for process `\hvsync_generator.$proc$/home/runner/work/CDM_BOOTCAMP_PACMAN/CDM_BOOTCAMP_PACMAN/src/hvsync_generator.v:9$753'.
     1/2: $0\hpos[9:0]
     2/2: $0\vpos[9:0]

17. Executing PROC_DLATCH pass (convert process syncs to latches).
No latch inferred for signal `\tt_um_ezumaex_pacman.\circle_hit$func$/home/runner/work/CDM_BOOTCAMP_PACMAN/CDM_BOOTCAMP_PACMAN/src/project.v:343$20.$result' from process `\tt_um_ezumaex_pacman.$proc$/home/runner/work/CDM_BOOTCAMP_PACMAN/CDM_BOOTCAMP_PACMAN/src/project.v:343$738'.
No latch inferred for signal `\tt_um_ezumaex_pacman.\circle_hit$func$/home/runner/work/CDM_BOOTCAMP_PACMAN/CDM_BOOTCAMP_PACMAN/src/project.v:343$39.$result' from process `\tt_um_ezumaex_pacman.$proc$/home/runner/work/CDM_BOOTCAMP_PACMAN/CDM_BOOTCAMP_PACMAN/src/project.v:343$738'.
No latch inferred for signal `\tt_um_ezumaex_pacman.\circle_hit$func$/home/runner/work/CDM_BOOTCAMP_PACMAN/CDM_BOOTCAMP_PACMAN/src/project.v:343$39.ax' from process `\tt_um_ezumaex_pacman.$proc$/home/runner/work/CDM_BOOTCAMP_PACMAN/CDM_BOOTCAMP_PACMAN/src/project.v:343$738'.
No latch inferred for signal `\tt_um_ezumaex_pacman.\circle_hit$func$/home/runner/work/CDM_BOOTCAMP_PACMAN/CDM_BOOTCAMP_PACMAN/src/project.v:343$39.ay' from process `\tt_um_ezumaex_pacman.$proc$/home/runner/work/CDM_BOOTCAMP_PACMAN/CDM_BOOTCAMP_PACMAN/src/project.v:343$738'.
No latch inferred for signal `\tt_um_ezumaex_pacman.\circle_hit$func$/home/runner/work/CDM_BOOTCAMP_PACMAN/CDM_BOOTCAMP_PACMAN/src/project.v:317$19.$result' from process `\tt_um_ezumaex_pacman.$proc$/home/runner/work/CDM_BOOTCAMP_PACMAN/CDM_BOOTCAMP_PACMAN/src/project.v:317$723'.
No latch inferred for signal `\tt_um_ezumaex_pacman.\circle_hit$func$/home/runner/work/CDM_BOOTCAMP_PACMAN/CDM_BOOTCAMP_PACMAN/src/project.v:317$38.$result' from process `\tt_um_ezumaex_pacman.$proc$/home/runner/work/CDM_BOOTCAMP_PACMAN/CDM_BOOTCAMP_PACMAN/src/project.v:317$723'.
No latch inferred for signal `\tt_um_ezumaex_pacman.\circle_hit$func$/home/runner/work/CDM_BOOTCAMP_PACMAN/CDM_BOOTCAMP_PACMAN/src/project.v:317$38.ax' from process `\tt_um_ezumaex_pacman.$proc$/home/runner/work/CDM_BOOTCAMP_PACMAN/CDM_BOOTCAMP_PACMAN/src/project.v:317$723'.
No latch inferred for signal `\tt_um_ezumaex_pacman.\circle_hit$func$/home/runner/work/CDM_BOOTCAMP_PACMAN/CDM_BOOTCAMP_PACMAN/src/project.v:317$38.ay' from process `\tt_um_ezumaex_pacman.$proc$/home/runner/work/CDM_BOOTCAMP_PACMAN/CDM_BOOTCAMP_PACMAN/src/project.v:317$723'.
No latch inferred for signal `\tt_um_ezumaex_pacman.\is_wall$func$/home/runner/work/CDM_BOOTCAMP_PACMAN/CDM_BOOTCAMP_PACMAN/src/project.v:267$18.$result' from process `\tt_um_ezumaex_pacman.$proc$/home/runner/work/CDM_BOOTCAMP_PACMAN/CDM_BOOTCAMP_PACMAN/src/project.v:267$703'.
No latch inferred for signal `\tt_um_ezumaex_pacman.\is_wall$func$/home/runner/work/CDM_BOOTCAMP_PACMAN/CDM_BOOTCAMP_PACMAN/src/project.v:267$37.$result' from process `\tt_um_ezumaex_pacman.$proc$/home/runner/work/CDM_BOOTCAMP_PACMAN/CDM_BOOTCAMP_PACMAN/src/project.v:267$703'.
No latch inferred for signal `\tt_um_ezumaex_pacman.\is_wall$func$/home/runner/work/CDM_BOOTCAMP_PACMAN/CDM_BOOTCAMP_PACMAN/src/project.v:267$37.r' from process `\tt_um_ezumaex_pacman.$proc$/home/runner/work/CDM_BOOTCAMP_PACMAN/CDM_BOOTCAMP_PACMAN/src/project.v:267$703'.
No latch inferred for signal `\tt_um_ezumaex_pacman.\is_wall$func$/home/runner/work/CDM_BOOTCAMP_PACMAN/CDM_BOOTCAMP_PACMAN/src/project.v:267$37.c' from process `\tt_um_ezumaex_pacman.$proc$/home/runner/work/CDM_BOOTCAMP_PACMAN/CDM_BOOTCAMP_PACMAN/src/project.v:267$703'.
No latch inferred for signal `\tt_um_ezumaex_pacman.\is_wall$func$/home/runner/work/CDM_BOOTCAMP_PACMAN/CDM_BOOTCAMP_PACMAN/src/project.v:144$16.$result' from process `\tt_um_ezumaex_pacman.$proc$/home/runner/work/CDM_BOOTCAMP_PACMAN/CDM_BOOTCAMP_PACMAN/src/project.v:144$683'.
No latch inferred for signal `\tt_um_ezumaex_pacman.\is_wall$func$/home/runner/work/CDM_BOOTCAMP_PACMAN/CDM_BOOTCAMP_PACMAN/src/project.v:144$36.$result' from process `\tt_um_ezumaex_pacman.$proc$/home/runner/work/CDM_BOOTCAMP_PACMAN/CDM_BOOTCAMP_PACMAN/src/project.v:144$683'.
No latch inferred for signal `\tt_um_ezumaex_pacman.\is_wall$func$/home/runner/work/CDM_BOOTCAMP_PACMAN/CDM_BOOTCAMP_PACMAN/src/project.v:144$36.r' from process `\tt_um_ezumaex_pacman.$proc$/home/runner/work/CDM_BOOTCAMP_PACMAN/CDM_BOOTCAMP_PACMAN/src/project.v:144$683'.
No latch inferred for signal `\tt_um_ezumaex_pacman.\is_wall$func$/home/runner/work/CDM_BOOTCAMP_PACMAN/CDM_BOOTCAMP_PACMAN/src/project.v:144$36.c' from process `\tt_um_ezumaex_pacman.$proc$/home/runner/work/CDM_BOOTCAMP_PACMAN/CDM_BOOTCAMP_PACMAN/src/project.v:144$683'.
No latch inferred for signal `\tt_um_ezumaex_pacman.\is_wall$func$/home/runner/work/CDM_BOOTCAMP_PACMAN/CDM_BOOTCAMP_PACMAN/src/project.v:144$15.$result' from process `\tt_um_ezumaex_pacman.$proc$/home/runner/work/CDM_BOOTCAMP_PACMAN/CDM_BOOTCAMP_PACMAN/src/project.v:144$663'.
No latch inferred for signal `\tt_um_ezumaex_pacman.\is_wall$func$/home/runner/work/CDM_BOOTCAMP_PACMAN/CDM_BOOTCAMP_PACMAN/src/project.v:144$35.$result' from process `\tt_um_ezumaex_pacman.$proc$/home/runner/work/CDM_BOOTCAMP_PACMAN/CDM_BOOTCAMP_PACMAN/src/project.v:144$663'.
No latch inferred for signal `\tt_um_ezumaex_pacman.\is_wall$func$/home/runner/work/CDM_BOOTCAMP_PACMAN/CDM_BOOTCAMP_PACMAN/src/project.v:144$35.r' from process `\tt_um_ezumaex_pacman.$proc$/home/runner/work/CDM_BOOTCAMP_PACMAN/CDM_BOOTCAMP_PACMAN/src/project.v:144$663'.
No latch inferred for signal `\tt_um_ezumaex_pacman.\is_wall$func$/home/runner/work/CDM_BOOTCAMP_PACMAN/CDM_BOOTCAMP_PACMAN/src/project.v:144$35.c' from process `\tt_um_ezumaex_pacman.$proc$/home/runner/work/CDM_BOOTCAMP_PACMAN/CDM_BOOTCAMP_PACMAN/src/project.v:144$663'.
No latch inferred for signal `\tt_um_ezumaex_pacman.\is_wall$func$/home/runner/work/CDM_BOOTCAMP_PACMAN/CDM_BOOTCAMP_PACMAN/src/project.v:143$14.$result' from process `\tt_um_ezumaex_pacman.$proc$/home/runner/work/CDM_BOOTCAMP_PACMAN/CDM_BOOTCAMP_PACMAN/src/project.v:143$643'.
No latch inferred for signal `\tt_um_ezumaex_pacman.\is_wall$func$/home/runner/work/CDM_BOOTCAMP_PACMAN/CDM_BOOTCAMP_PACMAN/src/project.v:143$34.$result' from process `\tt_um_ezumaex_pacman.$proc$/home/runner/work/CDM_BOOTCAMP_PACMAN/CDM_BOOTCAMP_PACMAN/src/project.v:143$643'.
No latch inferred for signal `\tt_um_ezumaex_pacman.\is_wall$func$/home/runner/work/CDM_BOOTCAMP_PACMAN/CDM_BOOTCAMP_PACMAN/src/project.v:143$34.r' from process `\tt_um_ezumaex_pacman.$proc$/home/runner/work/CDM_BOOTCAMP_PACMAN/CDM_BOOTCAMP_PACMAN/src/project.v:143$643'.
No latch inferred for signal `\tt_um_ezumaex_pacman.\is_wall$func$/home/runner/work/CDM_BOOTCAMP_PACMAN/CDM_BOOTCAMP_PACMAN/src/project.v:143$34.c' from process `\tt_um_ezumaex_pacman.$proc$/home/runner/work/CDM_BOOTCAMP_PACMAN/CDM_BOOTCAMP_PACMAN/src/project.v:143$643'.
No latch inferred for signal `\tt_um_ezumaex_pacman.\is_wall$func$/home/runner/work/CDM_BOOTCAMP_PACMAN/CDM_BOOTCAMP_PACMAN/src/project.v:143$13.$result' from process `\tt_um_ezumaex_pacman.$proc$/home/runner/work/CDM_BOOTCAMP_PACMAN/CDM_BOOTCAMP_PACMAN/src/project.v:143$623'.
No latch inferred for signal `\tt_um_ezumaex_pacman.\is_wall$func$/home/runner/work/CDM_BOOTCAMP_PACMAN/CDM_BOOTCAMP_PACMAN/src/project.v:143$33.$result' from process `\tt_um_ezumaex_pacman.$proc$/home/runner/work/CDM_BOOTCAMP_PACMAN/CDM_BOOTCAMP_PACMAN/src/project.v:143$623'.
No latch inferred for signal `\tt_um_ezumaex_pacman.\is_wall$func$/home/runner/work/CDM_BOOTCAMP_PACMAN/CDM_BOOTCAMP_PACMAN/src/project.v:143$33.r' from process `\tt_um_ezumaex_pacman.$proc$/home/runner/work/CDM_BOOTCAMP_PACMAN/CDM_BOOTCAMP_PACMAN/src/project.v:143$623'.
No latch inferred for signal `\tt_um_ezumaex_pacman.\is_wall$func$/home/runner/work/CDM_BOOTCAMP_PACMAN/CDM_BOOTCAMP_PACMAN/src/project.v:143$33.c' from process `\tt_um_ezumaex_pacman.$proc$/home/runner/work/CDM_BOOTCAMP_PACMAN/CDM_BOOTCAMP_PACMAN/src/project.v:143$623'.
No latch inferred for signal `\tt_um_ezumaex_pacman.\is_wall$func$/home/runner/work/CDM_BOOTCAMP_PACMAN/CDM_BOOTCAMP_PACMAN/src/project.v:142$12.$result' from process `\tt_um_ezumaex_pacman.$proc$/home/runner/work/CDM_BOOTCAMP_PACMAN/CDM_BOOTCAMP_PACMAN/src/project.v:142$603'.
No latch inferred for signal `\tt_um_ezumaex_pacman.\is_wall$func$/home/runner/work/CDM_BOOTCAMP_PACMAN/CDM_BOOTCAMP_PACMAN/src/project.v:142$32.$result' from process `\tt_um_ezumaex_pacman.$proc$/home/runner/work/CDM_BOOTCAMP_PACMAN/CDM_BOOTCAMP_PACMAN/src/project.v:142$603'.
No latch inferred for signal `\tt_um_ezumaex_pacman.\is_wall$func$/home/runner/work/CDM_BOOTCAMP_PACMAN/CDM_BOOTCAMP_PACMAN/src/project.v:142$32.r' from process `\tt_um_ezumaex_pacman.$proc$/home/runner/work/CDM_BOOTCAMP_PACMAN/CDM_BOOTCAMP_PACMAN/src/project.v:142$603'.
No latch inferred for signal `\tt_um_ezumaex_pacman.\is_wall$func$/home/runner/work/CDM_BOOTCAMP_PACMAN/CDM_BOOTCAMP_PACMAN/src/project.v:142$32.c' from process `\tt_um_ezumaex_pacman.$proc$/home/runner/work/CDM_BOOTCAMP_PACMAN/CDM_BOOTCAMP_PACMAN/src/project.v:142$603'.
No latch inferred for signal `\tt_um_ezumaex_pacman.\is_wall$func$/home/runner/work/CDM_BOOTCAMP_PACMAN/CDM_BOOTCAMP_PACMAN/src/project.v:142$11.$result' from process `\tt_um_ezumaex_pacman.$proc$/home/runner/work/CDM_BOOTCAMP_PACMAN/CDM_BOOTCAMP_PACMAN/src/project.v:142$583'.
No latch inferred for signal `\tt_um_ezumaex_pacman.\is_wall$func$/home/runner/work/CDM_BOOTCAMP_PACMAN/CDM_BOOTCAMP_PACMAN/src/project.v:142$31.$result' from process `\tt_um_ezumaex_pacman.$proc$/home/runner/work/CDM_BOOTCAMP_PACMAN/CDM_BOOTCAMP_PACMAN/src/project.v:142$583'.
No latch inferred for signal `\tt_um_ezumaex_pacman.\is_wall$func$/home/runner/work/CDM_BOOTCAMP_PACMAN/CDM_BOOTCAMP_PACMAN/src/project.v:142$31.r' from process `\tt_um_ezumaex_pacman.$proc$/home/runner/work/CDM_BOOTCAMP_PACMAN/CDM_BOOTCAMP_PACMAN/src/project.v:142$583'.
No latch inferred for signal `\tt_um_ezumaex_pacman.\is_wall$func$/home/runner/work/CDM_BOOTCAMP_PACMAN/CDM_BOOTCAMP_PACMAN/src/project.v:142$31.c' from process `\tt_um_ezumaex_pacman.$proc$/home/runner/work/CDM_BOOTCAMP_PACMAN/CDM_BOOTCAMP_PACMAN/src/project.v:142$583'.
No latch inferred for signal `\tt_um_ezumaex_pacman.\is_wall$func$/home/runner/work/CDM_BOOTCAMP_PACMAN/CDM_BOOTCAMP_PACMAN/src/project.v:141$10.$result' from process `\tt_um_ezumaex_pacman.$proc$/home/runner/work/CDM_BOOTCAMP_PACMAN/CDM_BOOTCAMP_PACMAN/src/project.v:141$563'.
No latch inferred for signal `\tt_um_ezumaex_pacman.\is_wall$func$/home/runner/work/CDM_BOOTCAMP_PACMAN/CDM_BOOTCAMP_PACMAN/src/project.v:141$30.$result' from process `\tt_um_ezumaex_pacman.$proc$/home/runner/work/CDM_BOOTCAMP_PACMAN/CDM_BOOTCAMP_PACMAN/src/project.v:141$563'.
No latch inferred for signal `\tt_um_ezumaex_pacman.\is_wall$func$/home/runner/work/CDM_BOOTCAMP_PACMAN/CDM_BOOTCAMP_PACMAN/src/project.v:141$30.r' from process `\tt_um_ezumaex_pacman.$proc$/home/runner/work/CDM_BOOTCAMP_PACMAN/CDM_BOOTCAMP_PACMAN/src/project.v:141$563'.
No latch inferred for signal `\tt_um_ezumaex_pacman.\is_wall$func$/home/runner/work/CDM_BOOTCAMP_PACMAN/CDM_BOOTCAMP_PACMAN/src/project.v:141$30.c' from process `\tt_um_ezumaex_pacman.$proc$/home/runner/work/CDM_BOOTCAMP_PACMAN/CDM_BOOTCAMP_PACMAN/src/project.v:141$563'.
No latch inferred for signal `\tt_um_ezumaex_pacman.\is_wall$func$/home/runner/work/CDM_BOOTCAMP_PACMAN/CDM_BOOTCAMP_PACMAN/src/project.v:141$9.$result' from process `\tt_um_ezumaex_pacman.$proc$/home/runner/work/CDM_BOOTCAMP_PACMAN/CDM_BOOTCAMP_PACMAN/src/project.v:141$543'.
No latch inferred for signal `\tt_um_ezumaex_pacman.\is_wall$func$/home/runner/work/CDM_BOOTCAMP_PACMAN/CDM_BOOTCAMP_PACMAN/src/project.v:141$29.$result' from process `\tt_um_ezumaex_pacman.$proc$/home/runner/work/CDM_BOOTCAMP_PACMAN/CDM_BOOTCAMP_PACMAN/src/project.v:141$543'.
No latch inferred for signal `\tt_um_ezumaex_pacman.\is_wall$func$/home/runner/work/CDM_BOOTCAMP_PACMAN/CDM_BOOTCAMP_PACMAN/src/project.v:141$29.r' from process `\tt_um_ezumaex_pacman.$proc$/home/runner/work/CDM_BOOTCAMP_PACMAN/CDM_BOOTCAMP_PACMAN/src/project.v:141$543'.
No latch inferred for signal `\tt_um_ezumaex_pacman.\is_wall$func$/home/runner/work/CDM_BOOTCAMP_PACMAN/CDM_BOOTCAMP_PACMAN/src/project.v:141$29.c' from process `\tt_um_ezumaex_pacman.$proc$/home/runner/work/CDM_BOOTCAMP_PACMAN/CDM_BOOTCAMP_PACMAN/src/project.v:141$543'.
No latch inferred for signal `\tt_um_ezumaex_pacman.\is_wall$func$/home/runner/work/CDM_BOOTCAMP_PACMAN/CDM_BOOTCAMP_PACMAN/src/project.v:116$8.$result' from process `\tt_um_ezumaex_pacman.$proc$/home/runner/work/CDM_BOOTCAMP_PACMAN/CDM_BOOTCAMP_PACMAN/src/project.v:116$523'.
No latch inferred for signal `\tt_um_ezumaex_pacman.\is_wall$func$/home/runner/work/CDM_BOOTCAMP_PACMAN/CDM_BOOTCAMP_PACMAN/src/project.v:116$28.$result' from process `\tt_um_ezumaex_pacman.$proc$/home/runner/work/CDM_BOOTCAMP_PACMAN/CDM_BOOTCAMP_PACMAN/src/project.v:116$523'.
No latch inferred for signal `\tt_um_ezumaex_pacman.\is_wall$func$/home/runner/work/CDM_BOOTCAMP_PACMAN/CDM_BOOTCAMP_PACMAN/src/project.v:116$28.r' from process `\tt_um_ezumaex_pacman.$proc$/home/runner/work/CDM_BOOTCAMP_PACMAN/CDM_BOOTCAMP_PACMAN/src/project.v:116$523'.
No latch inferred for signal `\tt_um_ezumaex_pacman.\is_wall$func$/home/runner/work/CDM_BOOTCAMP_PACMAN/CDM_BOOTCAMP_PACMAN/src/project.v:116$28.c' from process `\tt_um_ezumaex_pacman.$proc$/home/runner/work/CDM_BOOTCAMP_PACMAN/CDM_BOOTCAMP_PACMAN/src/project.v:116$523'.
No latch inferred for signal `\tt_um_ezumaex_pacman.\is_wall$func$/home/runner/work/CDM_BOOTCAMP_PACMAN/CDM_BOOTCAMP_PACMAN/src/project.v:116$7.$result' from process `\tt_um_ezumaex_pacman.$proc$/home/runner/work/CDM_BOOTCAMP_PACMAN/CDM_BOOTCAMP_PACMAN/src/project.v:116$503'.
No latch inferred for signal `\tt_um_ezumaex_pacman.\is_wall$func$/home/runner/work/CDM_BOOTCAMP_PACMAN/CDM_BOOTCAMP_PACMAN/src/project.v:116$27.$result' from process `\tt_um_ezumaex_pacman.$proc$/home/runner/work/CDM_BOOTCAMP_PACMAN/CDM_BOOTCAMP_PACMAN/src/project.v:116$503'.
No latch inferred for signal `\tt_um_ezumaex_pacman.\is_wall$func$/home/runner/work/CDM_BOOTCAMP_PACMAN/CDM_BOOTCAMP_PACMAN/src/project.v:116$27.r' from process `\tt_um_ezumaex_pacman.$proc$/home/runner/work/CDM_BOOTCAMP_PACMAN/CDM_BOOTCAMP_PACMAN/src/project.v:116$503'.
No latch inferred for signal `\tt_um_ezumaex_pacman.\is_wall$func$/home/runner/work/CDM_BOOTCAMP_PACMAN/CDM_BOOTCAMP_PACMAN/src/project.v:116$27.c' from process `\tt_um_ezumaex_pacman.$proc$/home/runner/work/CDM_BOOTCAMP_PACMAN/CDM_BOOTCAMP_PACMAN/src/project.v:116$503'.
No latch inferred for signal `\tt_um_ezumaex_pacman.\is_wall$func$/home/runner/work/CDM_BOOTCAMP_PACMAN/CDM_BOOTCAMP_PACMAN/src/project.v:115$6.$result' from process `\tt_um_ezumaex_pacman.$proc$/home/runner/work/CDM_BOOTCAMP_PACMAN/CDM_BOOTCAMP_PACMAN/src/project.v:115$483'.
No latch inferred for signal `\tt_um_ezumaex_pacman.\is_wall$func$/home/runner/work/CDM_BOOTCAMP_PACMAN/CDM_BOOTCAMP_PACMAN/src/project.v:115$26.$result' from process `\tt_um_ezumaex_pacman.$proc$/home/runner/work/CDM_BOOTCAMP_PACMAN/CDM_BOOTCAMP_PACMAN/src/project.v:115$483'.
No latch inferred for signal `\tt_um_ezumaex_pacman.\is_wall$func$/home/runner/work/CDM_BOOTCAMP_PACMAN/CDM_BOOTCAMP_PACMAN/src/project.v:115$26.r' from process `\tt_um_ezumaex_pacman.$proc$/home/runner/work/CDM_BOOTCAMP_PACMAN/CDM_BOOTCAMP_PACMAN/src/project.v:115$483'.
No latch inferred for signal `\tt_um_ezumaex_pacman.\is_wall$func$/home/runner/work/CDM_BOOTCAMP_PACMAN/CDM_BOOTCAMP_PACMAN/src/project.v:115$26.c' from process `\tt_um_ezumaex_pacman.$proc$/home/runner/work/CDM_BOOTCAMP_PACMAN/CDM_BOOTCAMP_PACMAN/src/project.v:115$483'.
No latch inferred for signal `\tt_um_ezumaex_pacman.\is_wall$func$/home/runner/work/CDM_BOOTCAMP_PACMAN/CDM_BOOTCAMP_PACMAN/src/project.v:115$5.$result' from process `\tt_um_ezumaex_pacman.$proc$/home/runner/work/CDM_BOOTCAMP_PACMAN/CDM_BOOTCAMP_PACMAN/src/project.v:115$463'.
No latch inferred for signal `\tt_um_ezumaex_pacman.\is_wall$func$/home/runner/work/CDM_BOOTCAMP_PACMAN/CDM_BOOTCAMP_PACMAN/src/project.v:115$25.$result' from process `\tt_um_ezumaex_pacman.$proc$/home/runner/work/CDM_BOOTCAMP_PACMAN/CDM_BOOTCAMP_PACMAN/src/project.v:115$463'.
No latch inferred for signal `\tt_um_ezumaex_pacman.\is_wall$func$/home/runner/work/CDM_BOOTCAMP_PACMAN/CDM_BOOTCAMP_PACMAN/src/project.v:115$25.r' from process `\tt_um_ezumaex_pacman.$proc$/home/runner/work/CDM_BOOTCAMP_PACMAN/CDM_BOOTCAMP_PACMAN/src/project.v:115$463'.
No latch inferred for signal `\tt_um_ezumaex_pacman.\is_wall$func$/home/runner/work/CDM_BOOTCAMP_PACMAN/CDM_BOOTCAMP_PACMAN/src/project.v:115$25.c' from process `\tt_um_ezumaex_pacman.$proc$/home/runner/work/CDM_BOOTCAMP_PACMAN/CDM_BOOTCAMP_PACMAN/src/project.v:115$463'.
No latch inferred for signal `\tt_um_ezumaex_pacman.\is_wall$func$/home/runner/work/CDM_BOOTCAMP_PACMAN/CDM_BOOTCAMP_PACMAN/src/project.v:114$4.$result' from process `\tt_um_ezumaex_pacman.$proc$/home/runner/work/CDM_BOOTCAMP_PACMAN/CDM_BOOTCAMP_PACMAN/src/project.v:114$443'.
No latch inferred for signal `\tt_um_ezumaex_pacman.\is_wall$func$/home/runner/work/CDM_BOOTCAMP_PACMAN/CDM_BOOTCAMP_PACMAN/src/project.v:114$24.$result' from process `\tt_um_ezumaex_pacman.$proc$/home/runner/work/CDM_BOOTCAMP_PACMAN/CDM_BOOTCAMP_PACMAN/src/project.v:114$443'.
No latch inferred for signal `\tt_um_ezumaex_pacman.\is_wall$func$/home/runner/work/CDM_BOOTCAMP_PACMAN/CDM_BOOTCAMP_PACMAN/src/project.v:114$24.r' from process `\tt_um_ezumaex_pacman.$proc$/home/runner/work/CDM_BOOTCAMP_PACMAN/CDM_BOOTCAMP_PACMAN/src/project.v:114$443'.
No latch inferred for signal `\tt_um_ezumaex_pacman.\is_wall$func$/home/runner/work/CDM_BOOTCAMP_PACMAN/CDM_BOOTCAMP_PACMAN/src/project.v:114$24.c' from process `\tt_um_ezumaex_pacman.$proc$/home/runner/work/CDM_BOOTCAMP_PACMAN/CDM_BOOTCAMP_PACMAN/src/project.v:114$443'.
No latch inferred for signal `\tt_um_ezumaex_pacman.\is_wall$func$/home/runner/work/CDM_BOOTCAMP_PACMAN/CDM_BOOTCAMP_PACMAN/src/project.v:114$3.$result' from process `\tt_um_ezumaex_pacman.$proc$/home/runner/work/CDM_BOOTCAMP_PACMAN/CDM_BOOTCAMP_PACMAN/src/project.v:114$423'.
No latch inferred for signal `\tt_um_ezumaex_pacman.\is_wall$func$/home/runner/work/CDM_BOOTCAMP_PACMAN/CDM_BOOTCAMP_PACMAN/src/project.v:114$23.$result' from process `\tt_um_ezumaex_pacman.$proc$/home/runner/work/CDM_BOOTCAMP_PACMAN/CDM_BOOTCAMP_PACMAN/src/project.v:114$423'.
No latch inferred for signal `\tt_um_ezumaex_pacman.\is_wall$func$/home/runner/work/CDM_BOOTCAMP_PACMAN/CDM_BOOTCAMP_PACMAN/src/project.v:114$23.r' from process `\tt_um_ezumaex_pacman.$proc$/home/runner/work/CDM_BOOTCAMP_PACMAN/CDM_BOOTCAMP_PACMAN/src/project.v:114$423'.
No latch inferred for signal `\tt_um_ezumaex_pacman.\is_wall$func$/home/runner/work/CDM_BOOTCAMP_PACMAN/CDM_BOOTCAMP_PACMAN/src/project.v:114$23.c' from process `\tt_um_ezumaex_pacman.$proc$/home/runner/work/CDM_BOOTCAMP_PACMAN/CDM_BOOTCAMP_PACMAN/src/project.v:114$423'.
No latch inferred for signal `\tt_um_ezumaex_pacman.\is_wall$func$/home/runner/work/CDM_BOOTCAMP_PACMAN/CDM_BOOTCAMP_PACMAN/src/project.v:113$2.$result' from process `\tt_um_ezumaex_pacman.$proc$/home/runner/work/CDM_BOOTCAMP_PACMAN/CDM_BOOTCAMP_PACMAN/src/project.v:113$403'.
No latch inferred for signal `\tt_um_ezumaex_pacman.\is_wall$func$/home/runner/work/CDM_BOOTCAMP_PACMAN/CDM_BOOTCAMP_PACMAN/src/project.v:113$22.$result' from process `\tt_um_ezumaex_pacman.$proc$/home/runner/work/CDM_BOOTCAMP_PACMAN/CDM_BOOTCAMP_PACMAN/src/project.v:113$403'.
No latch inferred for signal `\tt_um_ezumaex_pacman.\is_wall$func$/home/runner/work/CDM_BOOTCAMP_PACMAN/CDM_BOOTCAMP_PACMAN/src/project.v:113$22.r' from process `\tt_um_ezumaex_pacman.$proc$/home/runner/work/CDM_BOOTCAMP_PACMAN/CDM_BOOTCAMP_PACMAN/src/project.v:113$403'.
No latch inferred for signal `\tt_um_ezumaex_pacman.\is_wall$func$/home/runner/work/CDM_BOOTCAMP_PACMAN/CDM_BOOTCAMP_PACMAN/src/project.v:113$22.c' from process `\tt_um_ezumaex_pacman.$proc$/home/runner/work/CDM_BOOTCAMP_PACMAN/CDM_BOOTCAMP_PACMAN/src/project.v:113$403'.
No latch inferred for signal `\tt_um_ezumaex_pacman.\is_wall$func$/home/runner/work/CDM_BOOTCAMP_PACMAN/CDM_BOOTCAMP_PACMAN/src/project.v:113$1.$result' from process `\tt_um_ezumaex_pacman.$proc$/home/runner/work/CDM_BOOTCAMP_PACMAN/CDM_BOOTCAMP_PACMAN/src/project.v:113$383'.
No latch inferred for signal `\tt_um_ezumaex_pacman.\is_wall$func$/home/runner/work/CDM_BOOTCAMP_PACMAN/CDM_BOOTCAMP_PACMAN/src/project.v:113$21.$result' from process `\tt_um_ezumaex_pacman.$proc$/home/runner/work/CDM_BOOTCAMP_PACMAN/CDM_BOOTCAMP_PACMAN/src/project.v:113$383'.
No latch inferred for signal `\tt_um_ezumaex_pacman.\is_wall$func$/home/runner/work/CDM_BOOTCAMP_PACMAN/CDM_BOOTCAMP_PACMAN/src/project.v:113$21.r' from process `\tt_um_ezumaex_pacman.$proc$/home/runner/work/CDM_BOOTCAMP_PACMAN/CDM_BOOTCAMP_PACMAN/src/project.v:113$383'.
No latch inferred for signal `\tt_um_ezumaex_pacman.\is_wall$func$/home/runner/work/CDM_BOOTCAMP_PACMAN/CDM_BOOTCAMP_PACMAN/src/project.v:113$21.c' from process `\tt_um_ezumaex_pacman.$proc$/home/runner/work/CDM_BOOTCAMP_PACMAN/CDM_BOOTCAMP_PACMAN/src/project.v:113$383'.

18. Executing PROC_DFF pass (convert process syncs to FFs).
Creating register for signal `\tt_um_ezumaex_pacman.\state' using process `\tt_um_ezumaex_pacman.$proc$/home/runner/work/CDM_BOOTCAMP_PACMAN/CDM_BOOTCAMP_PACMAN/src/project.v:170$142'.
  created $adff cell `$procdff$1038' with positive edge clock and positive level reset.
Creating register for signal `\tt_um_ezumaex_pacman.\px' using process `\tt_um_ezumaex_pacman.$proc$/home/runner/work/CDM_BOOTCAMP_PACMAN/CDM_BOOTCAMP_PACMAN/src/project.v:170$142'.
  created $adff cell `$procdff$1043' with positive edge clock and positive level reset.
Creating register for signal `\tt_um_ezumaex_pacman.\py' using process `\tt_um_ezumaex_pacman.$proc$/home/runner/work/CDM_BOOTCAMP_PACMAN/CDM_BOOTCAMP_PACMAN/src/project.v:170$142'.
  created $adff cell `$procdff$1048' with positive edge clock and positive level reset.
Creating register for signal `\tt_um_ezumaex_pacman.\gx' using process `\tt_um_ezumaex_pacman.$proc$/home/runner/work/CDM_BOOTCAMP_PACMAN/CDM_BOOTCAMP_PACMAN/src/project.v:170$142'.
  created $adff cell `$procdff$1053' with positive edge clock and positive level reset.
Creating register for signal `\tt_um_ezumaex_pacman.\gy' using process `\tt_um_ezumaex_pacman.$proc$/home/runner/work/CDM_BOOTCAMP_PACMAN/CDM_BOOTCAMP_PACMAN/src/project.v:170$142'.
  created $adff cell `$procdff$1058' with positive edge clock and positive level reset.
Creating register for signal `\tt_um_ezumaex_pacman.\pac_dir' using process `\tt_um_ezumaex_pacman.$proc$/home/runner/work/CDM_BOOTCAMP_PACMAN/CDM_BOOTCAMP_PACMAN/src/project.v:170$142'.
  created $adff cell `$procdff$1063' with positive edge clock and positive level reset.
Creating register for signal `\tt_um_ezumaex_pacman.\frame_ctr' using process `\tt_um_ezumaex_pacman.$proc$/home/runner/work/CDM_BOOTCAMP_PACMAN/CDM_BOOTCAMP_PACMAN/src/project.v:170$142'.
  created $adff cell `$procdff$1068' with positive edge clock and positive level reset.
Creating register for signal `\tt_um_ezumaex_pacman.\dots' using process `\tt_um_ezumaex_pacman.$proc$/home/runner/work/CDM_BOOTCAMP_PACMAN/CDM_BOOTCAMP_PACMAN/src/project.v:170$142'.
  created $adff cell `$procdff$1073' with positive edge clock and positive level reset.
Creating register for signal `\tt_um_ezumaex_pacman.\power_timer' using process `\tt_um_ezumaex_pacman.$proc$/home/runner/work/CDM_BOOTCAMP_PACMAN/CDM_BOOTCAMP_PACMAN/src/project.v:170$142'.
  created $adff cell `$procdff$1078' with positive edge clock and positive level reset.
Creating register for signal `\tt_um_ezumaex_pacman.$bitselwrite$pos$/home/runner/work/CDM_BOOTCAMP_PACMAN/CDM_BOOTCAMP_PACMAN/src/project.v:208$17' using process `\tt_um_ezumaex_pacman.$proc$/home/runner/work/CDM_BOOTCAMP_PACMAN/CDM_BOOTCAMP_PACMAN/src/project.v:170$142'.
  created $adff cell `$procdff$1083' with positive edge clock and positive level reset.
Creating register for signal `\tt_um_ezumaex_pacman.$lookahead\dots$141' using process `\tt_um_ezumaex_pacman.$proc$/home/runner/work/CDM_BOOTCAMP_PACMAN/CDM_BOOTCAMP_PACMAN/src/project.v:170$142'.
  created $adff cell `$procdff$1088' with positive edge clock and positive level reset.
Creating register for signal `\hvsync_generator.\hpos' using process `\hvsync_generator.$proc$/home/runner/work/CDM_BOOTCAMP_PACMAN/CDM_BOOTCAMP_PACMAN/src/hvsync_generator.v:9$753'.
  created $dff cell `$procdff$1089' with positive edge clock.
Creating register for signal `\hvsync_generator.\vpos' using process `\hvsync_generator.$proc$/home/runner/work/CDM_BOOTCAMP_PACMAN/CDM_BOOTCAMP_PACMAN/src/hvsync_generator.v:9$753'.
  created $dff cell `$procdff$1090' with positive edge clock.

19. Executing PROC_MEMWR pass (convert process memory writes to cells).

20. Executing PROC_CLEAN pass (remove empty switches from decision trees).
Found and cleaned up 1 empty switch in `\tt_um_ezumaex_pacman.$proc$/home/runner/work/CDM_BOOTCAMP_PACMAN/CDM_BOOTCAMP_PACMAN/src/project.v:343$738'.
Removing empty process `tt_um_ezumaex_pacman.$proc$/home/runner/work/CDM_BOOTCAMP_PACMAN/CDM_BOOTCAMP_PACMAN/src/project.v:343$738'.
Found and cleaned up 1 empty switch in `\tt_um_ezumaex_pacman.$proc$/home/runner/work/CDM_BOOTCAMP_PACMAN/CDM_BOOTCAMP_PACMAN/src/project.v:317$723'.
Removing empty process `tt_um_ezumaex_pacman.$proc$/home/runner/work/CDM_BOOTCAMP_PACMAN/CDM_BOOTCAMP_PACMAN/src/project.v:317$723'.
Removing empty process `tt_um_ezumaex_pacman.$proc$/home/runner/work/CDM_BOOTCAMP_PACMAN/CDM_BOOTCAMP_PACMAN/src/project.v:267$703'.
Removing empty process `tt_um_ezumaex_pacman.$proc$/home/runner/work/CDM_BOOTCAMP_PACMAN/CDM_BOOTCAMP_PACMAN/src/project.v:144$683'.
Removing empty process `tt_um_ezumaex_pacman.$proc$/home/runner/work/CDM_BOOTCAMP_PACMAN/CDM_BOOTCAMP_PACMAN/src/project.v:144$663'.
Removing empty process `tt_um_ezumaex_pacman.$proc$/home/runner/work/CDM_BOOTCAMP_PACMAN/CDM_BOOTCAMP_PACMAN/src/project.v:143$643'.
Removing empty process `tt_um_ezumaex_pacman.$proc$/home/runner/work/CDM_BOOTCAMP_PACMAN/CDM_BOOTCAMP_PACMAN/src/project.v:143$623'.
Removing empty process `tt_um_ezumaex_pacman.$proc$/home/runner/work/CDM_BOOTCAMP_PACMAN/CDM_BOOTCAMP_PACMAN/src/project.v:142$603'.
Removing empty process `tt_um_ezumaex_pacman.$proc$/home/runner/work/CDM_BOOTCAMP_PACMAN/CDM_BOOTCAMP_PACMAN/src/project.v:142$583'.
Removing empty process `tt_um_ezumaex_pacman.$proc$/home/runner/work/CDM_BOOTCAMP_PACMAN/CDM_BOOTCAMP_PACMAN/src/project.v:141$563'.
Removing empty process `tt_um_ezumaex_pacman.$proc$/home/runner/work/CDM_BOOTCAMP_PACMAN/CDM_BOOTCAMP_PACMAN/src/project.v:141$543'.
Removing empty process `tt_um_ezumaex_pacman.$proc$/home/runner/work/CDM_BOOTCAMP_PACMAN/CDM_BOOTCAMP_PACMAN/src/project.v:116$523'.
Removing empty process `tt_um_ezumaex_pacman.$proc$/home/runner/work/CDM_BOOTCAMP_PACMAN/CDM_BOOTCAMP_PACMAN/src/project.v:116$503'.
Removing empty process `tt_um_ezumaex_pacman.$proc$/home/runner/work/CDM_BOOTCAMP_PACMAN/CDM_BOOTCAMP_PACMAN/src/project.v:115$483'.
Removing empty process `tt_um_ezumaex_pacman.$proc$/home/runner/work/CDM_BOOTCAMP_PACMAN/CDM_BOOTCAMP_PACMAN/src/project.v:115$463'.
Removing empty process `tt_um_ezumaex_pacman.$proc$/home/runner/work/CDM_BOOTCAMP_PACMAN/CDM_BOOTCAMP_PACMAN/src/project.v:114$443'.
Removing empty process `tt_um_ezumaex_pacman.$proc$/home/runner/work/CDM_BOOTCAMP_PACMAN/CDM_BOOTCAMP_PACMAN/src/project.v:114$423'.
Removing empty process `tt_um_ezumaex_pacman.$proc$/home/runner/work/CDM_BOOTCAMP_PACMAN/CDM_BOOTCAMP_PACMAN/src/project.v:113$403'.
Removing empty process `tt_um_ezumaex_pacman.$proc$/home/runner/work/CDM_BOOTCAMP_PACMAN/CDM_BOOTCAMP_PACMAN/src/project.v:113$383'.
Found and cleaned up 23 empty switches in `\tt_um_ezumaex_pacman.$proc$/home/runner/work/CDM_BOOTCAMP_PACMAN/CDM_BOOTCAMP_PACMAN/src/project.v:170$142'.
Removing empty process `tt_um_ezumaex_pacman.$proc$/home/runner/work/CDM_BOOTCAMP_PACMAN/CDM_BOOTCAMP_PACMAN/src/project.v:170$142'.
Found and cleaned up 2 empty switches in `\hvsync_generator.$proc$/home/runner/work/CDM_BOOTCAMP_PACMAN/CDM_BOOTCAMP_PACMAN/src/hvsync_generator.v:9$753'.
Removing empty process `hvsync_generator.$proc$/home/runner/work/CDM_BOOTCAMP_PACMAN/CDM_BOOTCAMP_PACMAN/src/hvsync_generator.v:9$753'.
Cleaned up 27 empty switches.

21. Executing CHECK pass (checking for obvious problems).
Checking module tt_um_ezumaex_pacman...
Checking module hvsync_generator...
Found and reported 0 problems.

22. Executing OPT_EXPR pass (perform const folding).
Optimizing module tt_um_ezumaex_pacman.
<suppressed ~42 debug messages>
Optimizing module hvsync_generator.

23. Executing FLATTEN pass (flatten design).
Deleting now unused module hvsync_generator.
<suppressed ~1 debug messages>

24. Executing OPT_EXPR pass (perform const folding).
Optimizing module tt_um_ezumaex_pacman.
<suppressed ~2 debug messages>

25. Executing OPT_CLEAN pass (remove unused cells and wires).
Finding unused cells or wires in module \tt_um_ezumaex_pacman..
Removed 25 unused cells and 367 unused wires.
<suppressed ~27 debug messages>

26. Executing OPT_EXPR pass (perform const folding).
Optimizing module tt_um_ezumaex_pacman.

27. Executing OPT_MERGE pass (detect identical cells).
Finding identical cells in module `\tt_um_ezumaex_pacman'.
Computing hashes of 734 cells of `\tt_um_ezumaex_pacman'.
Finding duplicate cells in `\tt_um_ezumaex_pacman'.
Computing hashes of 636 cells of `\tt_um_ezumaex_pacman'.
Finding duplicate cells in `\tt_um_ezumaex_pacman'.
Computing hashes of 623 cells of `\tt_um_ezumaex_pacman'.
Finding duplicate cells in `\tt_um_ezumaex_pacman'.
<suppressed ~333 debug messages>
Removed a total of 111 cells.

28. Executing OPT_MUXTREE pass (detect dead branches in mux trees).
Running muxtree optimizer on module \tt_um_ezumaex_pacman..
  Creating internal representation of mux trees.
  Evaluating internal representation of mux trees.
  Analyzing evaluation results.
    dead port 2/2 on $mux $procmux$797.
    dead port 2/2 on $mux $procmux$799.
    dead port 1/2 on $mux $procmux$802.
    dead port 2/2 on $mux $procmux$820.
    dead port 1/2 on $mux $procmux$823.
    dead port 1/2 on $mux $procmux$838.
Removed 6 multiplexer ports.
<suppressed ~225 debug messages>

29. Executing OPT_REDUCE pass (consolidate $*mux and $reduce_* inputs).
  Optimizing cells in module \tt_um_ezumaex_pacman.
Performed a total of 0 changes.

30. Executing OPT_MERGE pass (detect identical cells).
Finding identical cells in module `\tt_um_ezumaex_pacman'.
Computing hashes of 617 cells of `\tt_um_ezumaex_pacman'.
Finding duplicate cells in `\tt_um_ezumaex_pacman'.
Computing hashes of 615 cells of `\tt_um_ezumaex_pacman'.
Finding duplicate cells in `\tt_um_ezumaex_pacman'.
Computing hashes of 614 cells of `\tt_um_ezumaex_pacman'.
Finding duplicate cells in `\tt_um_ezumaex_pacman'.
<suppressed ~9 debug messages>
Removed a total of 3 cells.

31. Executing OPT_DFF pass (perform DFF optimizations).

32. Executing OPT_CLEAN pass (remove unused cells and wires).
Finding unused cells or wires in module \tt_um_ezumaex_pacman..
Removed 0 unused cells and 118 unused wires.
<suppressed ~1 debug messages>

33. Executing OPT_EXPR pass (perform const folding).
Optimizing module tt_um_ezumaex_pacman.

34. Rerunning OPT passes. (Maybe there is more to do…)

35. Executing OPT_MUXTREE pass (detect dead branches in mux trees).
Running muxtree optimizer on module \tt_um_ezumaex_pacman..
  Creating internal representation of mux trees.
  Evaluating internal representation of mux trees.
  Analyzing evaluation results.
Removed 0 multiplexer ports.
<suppressed ~224 debug messages>

36. Executing OPT_REDUCE pass (consolidate $*mux and $reduce_* inputs).
  Optimizing cells in module \tt_um_ezumaex_pacman.
Performed a total of 0 changes.

37. Executing OPT_MERGE pass (detect identical cells).
Finding identical cells in module `\tt_um_ezumaex_pacman'.
Computing hashes of 614 cells of `\tt_um_ezumaex_pacman'.
Finding duplicate cells in `\tt_um_ezumaex_pacman'.
Removed a total of 0 cells.

38. Executing OPT_DFF pass (perform DFF optimizations).

39. Executing OPT_CLEAN pass (remove unused cells and wires).
Finding unused cells or wires in module \tt_um_ezumaex_pacman..

40. Executing OPT_EXPR pass (perform const folding).
Optimizing module tt_um_ezumaex_pacman.

41. Executing FSM pass (extract and optimize FSM).

41.1. Executing FSM_DETECT pass (finding FSMs in design).
Not marking tt_um_ezumaex_pacman.pac_dir as FSM state register:
    Users of register don't seem to benefit from recoding.
Found FSM state register tt_um_ezumaex_pacman.state.

41.2. Executing FSM_EXTRACT pass (extracting FSM from design).
Extracting FSM `\state' from module `\tt_um_ezumaex_pacman'.
  found $adff cell for state register: $procdff$1038
  root of input selection tree: $0\state[1:0]
  found reset state: 2'00 (from async reset)
  found ctrl input: \ui_in [4]
  found ctrl input: $logic_and$/home/runner/work/CDM_BOOTCAMP_PACMAN/CDM_BOOTCAMP_PACMAN/src/project.v:189$152_Y
  found ctrl input: $eq$/home/runner/work/CDM_BOOTCAMP_PACMAN/CDM_BOOTCAMP_PACMAN/src/project.v:194$158_Y
  found ctrl input: $eq$/home/runner/work/CDM_BOOTCAMP_PACMAN/CDM_BOOTCAMP_PACMAN/src/project.v:243$202_Y
  found ctrl input: \entity_collision
  found ctrl input: \ghost_scared
  found state code: 2'10
  found state code: 2'01
  found ctrl output: $eq$/home/runner/work/CDM_BOOTCAMP_PACMAN/CDM_BOOTCAMP_PACMAN/src/project.v:194$158_Y
  found ctrl output: $eq$/home/runner/work/CDM_BOOTCAMP_PACMAN/CDM_BOOTCAMP_PACMAN/src/project.v:352$321_Y
  found ctrl output: $eq$/home/runner/work/CDM_BOOTCAMP_PACMAN/CDM_BOOTCAMP_PACMAN/src/project.v:353$323_Y
  ctrl inputs: { $eq$/home/runner/work/CDM_BOOTCAMP_PACMAN/CDM_BOOTCAMP_PACMAN/src/project.v:243$202_Y $logic_and$/home/runner/work/CDM_BOOTCAMP_PACMAN/CDM_BOOTCAMP_PACMAN/src/project.v:189$152_Y \entity_collision \ghost_scared \ui_in [4] }
  ctrl outputs: { $eq$/home/runner/work/CDM_BOOTCAMP_PACMAN/CDM_BOOTCAMP_PACMAN/src/project.v:353$323_Y $eq$/home/runner/work/CDM_BOOTCAMP_PACMAN/CDM_BOOTCAMP_PACMAN/src/project.v:352$321_Y $eq$/home/runner/work/CDM_BOOTCAMP_PACMAN/CDM_BOOTCAMP_PACMAN/src/project.v:194$158_Y $0\state[1:0] }
  transition:       2'00 5'-0--0 ->       2'00 5'00100
  transition:       2'00 5'010-0 ->       2'00 5'00100
  transition:       2'00 5'01100 ->       2'10 5'00110
  transition:       2'00 5'01110 ->       2'00 5'00100
  transition:       2'00 5'11--0 ->       2'01 5'00101
  transition:       2'00 5'----1 ->       2'00 5'00100
  transition:       2'10 5'-0--0 ->       2'10 5'01010
  transition:       2'10 5'-1--0 ->       2'10 5'01010
  transition:       2'10 5'----1 ->       2'00 5'01000
  transition:       2'01 5'-0--0 ->       2'01 5'10001
  transition:       2'01 5'-1--0 ->       2'01 5'10001
  transition:       2'01 5'----1 ->       2'00 5'10000

41.3. Executing FSM_OPT pass (simple optimizations of FSMs).
Optimizing FSM `$fsm$\state$1092' from module `\tt_um_ezumaex_pacman'.
  Merging pattern 5'-0--0 and 5'-1--0 from group (1 1 5'01010).
  Merging pattern 5'-1--0 and 5'-0--0 from group (1 1 5'01010).
  Merging pattern 5'-0--0 and 5'-1--0 from group (2 2 5'10001).
  Merging pattern 5'-1--0 and 5'-0--0 from group (2 2 5'10001).

41.4. Executing OPT_CLEAN pass (remove unused cells and wires).
Finding unused cells or wires in module \tt_um_ezumaex_pacman..
Removed 10 unused cells and 10 unused wires.
<suppressed ~11 debug messages>

41.5. Executing FSM_OPT pass (simple optimizations of FSMs).
Optimizing FSM `$fsm$\state$1092' from module `\tt_um_ezumaex_pacman'.
  Removing unused output signal $0\state[1:0] [0].
  Removing unused output signal $0\state[1:0] [1].

41.6. Executing FSM_RECODE pass (re-assigning FSM state encoding).
Recoding FSM `$fsm$\state$1092' from module `\tt_um_ezumaex_pacman' using `auto' encoding:
  mapping auto encoding to `one-hot` for this FSM.
  00 -> --1
  10 -> -1-
  01 -> 1--

41.7. Executing FSM_INFO pass (dumping all available information on FSM cells).

FSM `$fsm$\state$1092' from module `tt_um_ezumaex_pacman':
-------------------------------------

  Information on FSM $fsm$\state$1092 (\state):

  Number of input signals:    5
  Number of output signals:   3
  Number of state bits:       3

  Input signals:
    0: \ui_in [4]
    1: \ghost_scared
    2: \entity_collision
    3: $logic_and$/home/runner/work/CDM_BOOTCAMP_PACMAN/CDM_BOOTCAMP_PACMAN/src/project.v:189$152_Y
    4: $eq$/home/runner/work/CDM_BOOTCAMP_PACMAN/CDM_BOOTCAMP_PACMAN/src/project.v:243$202_Y

  Output signals:
    0: $eq$/home/runner/work/CDM_BOOTCAMP_PACMAN/CDM_BOOTCAMP_PACMAN/src/project.v:194$158_Y
    1: $eq$/home/runner/work/CDM_BOOTCAMP_PACMAN/CDM_BOOTCAMP_PACMAN/src/project.v:352$321_Y
    2: $eq$/home/runner/work/CDM_BOOTCAMP_PACMAN/CDM_BOOTCAMP_PACMAN/src/project.v:353$323_Y

  State encoding:
    0:      3'--1  <RESET STATE>
    1:      3'-1-
    2:      3'1--

  Transition Table (state_in, ctrl_in, state_out, ctrl_out):
      0:     0 5'01110   ->     0 3'001
      1:     0 5'010-0   ->     0 3'001
      2:     0 5'-0--0   ->     0 3'001
      3:     0 5'----1   ->     0 3'001
      4:     0 5'01100   ->     1 3'001
      5:     0 5'11--0   ->     2 3'001
      6:     1 5'----1   ->     0 3'010
      7:     1 5'----0   ->     1 3'010
      8:     2 5'----1   ->     0 3'100
      9:     2 5'----0   ->     2 3'100

-------------------------------------

41.8. Executing FSM_MAP pass (mapping FSMs to basic logic).
Mapping FSM `$fsm$\state$1092' from module `\tt_um_ezumaex_pacman'.

42. Executing OPT_EXPR pass (perform const folding).
Optimizing module tt_um_ezumaex_pacman.
<suppressed ~4 debug messages>

43. Executing OPT_MERGE pass (detect identical cells).
Finding identical cells in module `\tt_um_ezumaex_pacman'.
Computing hashes of 622 cells of `\tt_um_ezumaex_pacman'.
Finding duplicate cells in `\tt_um_ezumaex_pacman'.
Computing hashes of 621 cells of `\tt_um_ezumaex_pacman'.
Finding duplicate cells in `\tt_um_ezumaex_pacman'.
<suppressed ~3 debug messages>
Removed a total of 1 cells.

44. Executing OPT_MUXTREE pass (detect dead branches in mux trees).
Running muxtree optimizer on module \tt_um_ezumaex_pacman..
  Creating internal representation of mux trees.
  Evaluating internal representation of mux trees.
  Analyzing evaluation results.
Removed 0 multiplexer ports.
<suppressed ~217 debug messages>

45. Executing OPT_REDUCE pass (consolidate $*mux and $reduce_* inputs).
  Optimizing cells in module \tt_um_ezumaex_pacman.
Performed a total of 0 changes.

46. Executing OPT_MERGE pass (detect identical cells).
Finding identical cells in module `\tt_um_ezumaex_pacman'.
Computing hashes of 621 cells of `\tt_um_ezumaex_pacman'.
Finding duplicate cells in `\tt_um_ezumaex_pacman'.
Removed a total of 0 cells.

47. Executing OPT_DFF pass (perform DFF optimizations).
Adding EN signal on $procdff$1078 ($adff) from module tt_um_ezumaex_pacman (D = $0\power_timer[9:0], Q = \power_timer).
Adding EN signal on $procdff$1073 ($adff) from module tt_um_ezumaex_pacman (D = $0$lookahead\dots$141[63:0]$144, Q = \dots).
Adding EN signal on $procdff$1068 ($adff) from module tt_um_ezumaex_pacman (D = $0\frame_ctr[5:0], Q = \frame_ctr).
Adding EN signal on $procdff$1063 ($adff) from module tt_um_ezumaex_pacman (D = $0\pac_dir[1:0], Q = \pac_dir).
Adding EN signal on $procdff$1058 ($adff) from module tt_um_ezumaex_pacman (D = $0\gy[9:0], Q = \gy).
Adding EN signal on $procdff$1053 ($adff) from module tt_um_ezumaex_pacman (D = $0\gx[9:0], Q = \gx).
Adding EN signal on $procdff$1048 ($adff) from module tt_um_ezumaex_pacman (D = $0\py[9:0], Q = \py).
Adding EN signal on $procdff$1043 ($adff) from module tt_um_ezumaex_pacman (D = $0\px[9:0], Q = \px).
Adding SRST signal on $flatten\hvsync_gen.$procdff$1090 ($dff) from module tt_um_ezumaex_pacman (D = $flatten\hvsync_gen.$procmux$1029_Y, Q = \hvsync_gen.vpos, rval = 10'0000000000).
Adding EN signal on $auto$ff.cc:337:slice$1194 ($sdff) from module tt_um_ezumaex_pacman (D = $flatten\hvsync_gen.$ternary$/home/runner/work/CDM_BOOTCAMP_PACMAN/CDM_BOOTCAMP_PACMAN/src/hvsync_generator.v:15$757_Y, Q = \hvsync_gen.vpos).
Adding SRST signal on $flatten\hvsync_gen.$procdff$1089 ($dff) from module tt_um_ezumaex_pacman (D = $flatten\hvsync_gen.$add$/home/runner/work/CDM_BOOTCAMP_PACMAN/CDM_BOOTCAMP_PACMAN/src/hvsync_generator.v:16$758_Y, Q = \hvsync_gen.hpos, rval = 10'0000000000).

48. Executing OPT_CLEAN pass (remove unused cells and wires).
Finding unused cells or wires in module \tt_um_ezumaex_pacman..
Removed 4 unused cells and 12 unused wires.
<suppressed ~5 debug messages>

49. Executing OPT_EXPR pass (perform const folding).
Optimizing module tt_um_ezumaex_pacman.
<suppressed ~18 debug messages>

50. Rerunning OPT passes. (Maybe there is more to do…)

51. Executing OPT_MUXTREE pass (detect dead branches in mux trees).
Running muxtree optimizer on module \tt_um_ezumaex_pacman..
  Creating internal representation of mux trees.
  Evaluating internal representation of mux trees.
  Analyzing evaluation results.
Removed 0 multiplexer ports.
<suppressed ~212 debug messages>

52. Executing OPT_REDUCE pass (consolidate $*mux and $reduce_* inputs).
  Optimizing cells in module \tt_um_ezumaex_pacman.
Performed a total of 0 changes.

53. Executing OPT_MERGE pass (detect identical cells).
Finding identical cells in module `\tt_um_ezumaex_pacman'.
Computing hashes of 645 cells of `\tt_um_ezumaex_pacman'.
Finding duplicate cells in `\tt_um_ezumaex_pacman'.
Computing hashes of 633 cells of `\tt_um_ezumaex_pacman'.
Finding duplicate cells in `\tt_um_ezumaex_pacman'.
Computing hashes of 632 cells of `\tt_um_ezumaex_pacman'.
Finding duplicate cells in `\tt_um_ezumaex_pacman'.
<suppressed ~39 debug messages>
Removed a total of 13 cells.

54. Executing OPT_DFF pass (perform DFF optimizations).

55. Executing OPT_CLEAN pass (remove unused cells and wires).
Finding unused cells or wires in module \tt_um_ezumaex_pacman..
Removed 0 unused cells and 13 unused wires.
<suppressed ~1 debug messages>

56. Executing OPT_EXPR pass (perform const folding).
Optimizing module tt_um_ezumaex_pacman.

57. Rerunning OPT passes. (Maybe there is more to do…)

58. Executing OPT_MUXTREE pass (detect dead branches in mux trees).
Running muxtree optimizer on module \tt_um_ezumaex_pacman..
  Creating internal representation of mux trees.
  Evaluating internal representation of mux trees.
  Analyzing evaluation results.
Removed 0 multiplexer ports.
<suppressed ~212 debug messages>

59. Executing OPT_REDUCE pass (consolidate $*mux and $reduce_* inputs).
  Optimizing cells in module \tt_um_ezumaex_pacman.
Performed a total of 0 changes.

60. Executing OPT_MERGE pass (detect identical cells).
Finding identical cells in module `\tt_um_ezumaex_pacman'.
Computing hashes of 632 cells of `\tt_um_ezumaex_pacman'.
Finding duplicate cells in `\tt_um_ezumaex_pacman'.
Removed a total of 0 cells.

61. Executing OPT_DFF pass (perform DFF optimizations).

62. Executing OPT_CLEAN pass (remove unused cells and wires).
Finding unused cells or wires in module \tt_um_ezumaex_pacman..

63. Executing OPT_EXPR pass (perform const folding).
Optimizing module tt_um_ezumaex_pacman.

64. Executing WREDUCE pass (reducing word size of cells).
Removed top 1 bits (of 5) from port B of cell tt_um_ezumaex_pacman.$auto$fsm_map.cc:77:implement_pattern_cache$1117 ($eq).
Removed top 1 bits (of 4) from port B of cell tt_um_ezumaex_pacman.$auto$fsm_map.cc:77:implement_pattern_cache$1106 ($eq).
Removed top 1 bits (of 5) from port B of cell tt_um_ezumaex_pacman.$auto$fsm_map.cc:77:implement_pattern_cache$1102 ($eq).
Removed top 1 bits (of 8) from port B of cell tt_um_ezumaex_pacman.$sub$/home/runner/work/CDM_BOOTCAMP_PACMAN/CDM_BOOTCAMP_PACMAN/src/project.v:81$42 ($sub).
Removed top 2 bits (of 3) from port B of cell tt_um_ezumaex_pacman.$sub$/home/runner/work/CDM_BOOTCAMP_PACMAN/CDM_BOOTCAMP_PACMAN/src/project.v:98$43 ($sub).
Removed top 2 bits (of 3) from port B of cell tt_um_ezumaex_pacman.$add$/home/runner/work/CDM_BOOTCAMP_PACMAN/CDM_BOOTCAMP_PACMAN/src/project.v:99$45 ($add).
Removed top 2 bits (of 3) from port B of cell tt_um_ezumaex_pacman.$sub$/home/runner/work/CDM_BOOTCAMP_PACMAN/CDM_BOOTCAMP_PACMAN/src/project.v:100$47 ($sub).
Removed top 2 bits (of 3) from port B of cell tt_um_ezumaex_pacman.$add$/home/runner/work/CDM_BOOTCAMP_PACMAN/CDM_BOOTCAMP_PACMAN/src/project.v:101$49 ($add).
Removed top 1 bits (of 5) from port B of cell tt_um_ezumaex_pacman.$lt$/home/runner/work/CDM_BOOTCAMP_PACMAN/CDM_BOOTCAMP_PACMAN/src/project.v:103$51 ($lt).
Removed top 1 bits (of 5) from port B of cell tt_um_ezumaex_pacman.$lt$/home/runner/work/CDM_BOOTCAMP_PACMAN/CDM_BOOTCAMP_PACMAN/src/project.v:105$55 ($lt).
Removed top 1 bits (of 5) from port B of cell tt_um_ezumaex_pacman.$lt$/home/runner/work/CDM_BOOTCAMP_PACMAN/CDM_BOOTCAMP_PACMAN/src/project.v:108$59 ($lt).
Removed top 1 bits (of 5) from port B of cell tt_um_ezumaex_pacman.$lt$/home/runner/work/CDM_BOOTCAMP_PACMAN/CDM_BOOTCAMP_PACMAN/src/project.v:110$63 ($lt).
Removed top 1 bits (of 8) from port B of cell tt_um_ezumaex_pacman.$sub$/home/runner/work/CDM_BOOTCAMP_PACMAN/CDM_BOOTCAMP_PACMAN/src/project.v:120$76 ($sub).
Removed top 2 bits (of 3) from port B of cell tt_um_ezumaex_pacman.$sub$/home/runner/work/CDM_BOOTCAMP_PACMAN/CDM_BOOTCAMP_PACMAN/src/project.v:126$77 ($sub).
Removed top 2 bits (of 3) from port B of cell tt_um_ezumaex_pacman.$add$/home/runner/work/CDM_BOOTCAMP_PACMAN/CDM_BOOTCAMP_PACMAN/src/project.v:127$79 ($add).
Removed top 2 bits (of 3) from port B of cell tt_um_ezumaex_pacman.$sub$/home/runner/work/CDM_BOOTCAMP_PACMAN/CDM_BOOTCAMP_PACMAN/src/project.v:128$81 ($sub).
Removed top 2 bits (of 3) from port B of cell tt_um_ezumaex_pacman.$add$/home/runner/work/CDM_BOOTCAMP_PACMAN/CDM_BOOTCAMP_PACMAN/src/project.v:129$83 ($add).
Removed top 1 bits (of 5) from port B of cell tt_um_ezumaex_pacman.$lt$/home/runner/work/CDM_BOOTCAMP_PACMAN/CDM_BOOTCAMP_PACMAN/src/project.v:131$85 ($lt).
Removed top 1 bits (of 5) from port B of cell tt_um_ezumaex_pacman.$lt$/home/runner/work/CDM_BOOTCAMP_PACMAN/CDM_BOOTCAMP_PACMAN/src/project.v:133$89 ($lt).
Removed top 1 bits (of 5) from port B of cell tt_um_ezumaex_pacman.$lt$/home/runner/work/CDM_BOOTCAMP_PACMAN/CDM_BOOTCAMP_PACMAN/src/project.v:136$93 ($lt).
Removed top 1 bits (of 5) from port B of cell tt_um_ezumaex_pacman.$lt$/home/runner/work/CDM_BOOTCAMP_PACMAN/CDM_BOOTCAMP_PACMAN/src/project.v:138$97 ($lt).
Removed top 31 bits (of 32) from port B of cell tt_um_ezumaex_pacman.$gt$/home/runner/work/CDM_BOOTCAMP_PACMAN/CDM_BOOTCAMP_PACMAN/src/project.v:146$109 ($gt).
Removed top 3 bits (of 8) from port B of cell tt_um_ezumaex_pacman.$le$/home/runner/work/CDM_BOOTCAMP_PACMAN/CDM_BOOTCAMP_PACMAN/src/project.v:151$118 ($le).
Removed top 3 bits (of 8) from port B of cell tt_um_ezumaex_pacman.$le$/home/runner/work/CDM_BOOTCAMP_PACMAN/CDM_BOOTCAMP_PACMAN/src/project.v:151$119 ($le).
Removed top 4 bits (of 8) from port B of cell tt_um_ezumaex_pacman.$gt$/home/runner/work/CDM_BOOTCAMP_PACMAN/CDM_BOOTCAMP_PACMAN/src/project.v:154$121 ($gt).
Removed top 4 bits (of 8) from port B of cell tt_um_ezumaex_pacman.$gt$/home/runner/work/CDM_BOOTCAMP_PACMAN/CDM_BOOTCAMP_PACMAN/src/project.v:156$125 ($gt).
Removed top 4 bits (of 8) from port B of cell tt_um_ezumaex_pacman.$gt$/home/runner/work/CDM_BOOTCAMP_PACMAN/CDM_BOOTCAMP_PACMAN/src/project.v:163$133 ($gt).
Removed top 4 bits (of 8) from port B of cell tt_um_ezumaex_pacman.$gt$/home/runner/work/CDM_BOOTCAMP_PACMAN/CDM_BOOTCAMP_PACMAN/src/project.v:165$137 ($gt).
Removed top 1 bits (of 10) from port B of cell tt_um_ezumaex_pacman.$eq$/home/runner/work/CDM_BOOTCAMP_PACMAN/CDM_BOOTCAMP_PACMAN/src/project.v:189$151 ($eq).
Removed top 31 bits (of 32) from port B of cell tt_um_ezumaex_pacman.$add$/home/runner/work/CDM_BOOTCAMP_PACMAN/CDM_BOOTCAMP_PACMAN/src/project.v:190$155 ($add).
Removed top 26 bits (of 32) from port Y of cell tt_um_ezumaex_pacman.$add$/home/runner/work/CDM_BOOTCAMP_PACMAN/CDM_BOOTCAMP_PACMAN/src/project.v:190$155 ($add).
Removed top 31 bits (of 32) from port B of cell tt_um_ezumaex_pacman.$sub$/home/runner/work/CDM_BOOTCAMP_PACMAN/CDM_BOOTCAMP_PACMAN/src/project.v:192$157 ($sub).
Removed top 22 bits (of 32) from port Y of cell tt_um_ezumaex_pacman.$sub$/home/runner/work/CDM_BOOTCAMP_PACMAN/CDM_BOOTCAMP_PACMAN/src/project.v:192$157 ($sub).
Removed top 8 bits (of 10) from port B of cell tt_um_ezumaex_pacman.$sub$/home/runner/work/CDM_BOOTCAMP_PACMAN/CDM_BOOTCAMP_PACMAN/src/project.v:197$162 ($sub).
Removed top 8 bits (of 10) from port B of cell tt_um_ezumaex_pacman.$add$/home/runner/work/CDM_BOOTCAMP_PACMAN/CDM_BOOTCAMP_PACMAN/src/project.v:199$164 ($add).
Removed top 8 bits (of 10) from port B of cell tt_um_ezumaex_pacman.$sub$/home/runner/work/CDM_BOOTCAMP_PACMAN/CDM_BOOTCAMP_PACMAN/src/project.v:201$166 ($sub).
Removed top 8 bits (of 10) from port B of cell tt_um_ezumaex_pacman.$add$/home/runner/work/CDM_BOOTCAMP_PACMAN/CDM_BOOTCAMP_PACMAN/src/project.v:203$168 ($add).
Converting cell tt_um_ezumaex_pacman.$neg$/home/runner/work/CDM_BOOTCAMP_PACMAN/CDM_BOOTCAMP_PACMAN/src/project.v:208$172 ($neg) from signed to unsigned.
Removed top 1 bits (of 7) from port A of cell tt_um_ezumaex_pacman.$neg$/home/runner/work/CDM_BOOTCAMP_PACMAN/CDM_BOOTCAMP_PACMAN/src/project.v:208$172 ($neg).
Removed top 9 bits (of 10) from port B of cell tt_um_ezumaex_pacman.$sub$/home/runner/work/CDM_BOOTCAMP_PACMAN/CDM_BOOTCAMP_PACMAN/src/project.v:218$187 ($sub).
Removed top 9 bits (of 10) from port B of cell tt_um_ezumaex_pacman.$add$/home/runner/work/CDM_BOOTCAMP_PACMAN/CDM_BOOTCAMP_PACMAN/src/project.v:219$189 ($add).
Removed top 9 bits (of 10) from port B of cell tt_um_ezumaex_pacman.$sub$/home/runner/work/CDM_BOOTCAMP_PACMAN/CDM_BOOTCAMP_PACMAN/src/project.v:220$191 ($sub).
Removed top 9 bits (of 10) from port B of cell tt_um_ezumaex_pacman.$add$/home/runner/work/CDM_BOOTCAMP_PACMAN/CDM_BOOTCAMP_PACMAN/src/project.v:221$193 ($add).
Removed top 2 bits (of 10) from port B of cell tt_um_ezumaex_pacman.$sub$/home/runner/work/CDM_BOOTCAMP_PACMAN/CDM_BOOTCAMP_PACMAN/src/project.v:252$203 ($sub).
Removed top 3 bits (of 10) from port B of cell tt_um_ezumaex_pacman.$sub$/home/runner/work/CDM_BOOTCAMP_PACMAN/CDM_BOOTCAMP_PACMAN/src/project.v:253$204 ($sub).
Removed top 7 bits (of 10) from port B of cell tt_um_ezumaex_pacman.$add$/home/runner/work/CDM_BOOTCAMP_PACMAN/CDM_BOOTCAMP_PACMAN/src/project.v:256$208 ($add).
Removed top 7 bits (of 10) from port B of cell tt_um_ezumaex_pacman.$add$/home/runner/work/CDM_BOOTCAMP_PACMAN/CDM_BOOTCAMP_PACMAN/src/project.v:257$209 ($add).
Removed top 1 bits (of 10) from port B of cell tt_um_ezumaex_pacman.$le$/home/runner/work/CDM_BOOTCAMP_PACMAN/CDM_BOOTCAMP_PACMAN/src/project.v:258$210 ($le).
Removed top 1 bits (of 10) from port B of cell tt_um_ezumaex_pacman.$le$/home/runner/work/CDM_BOOTCAMP_PACMAN/CDM_BOOTCAMP_PACMAN/src/project.v:258$211 ($le).
Removed top 28 bits (of 32) from port B of cell tt_um_ezumaex_pacman.$ge$/home/runner/work/CDM_BOOTCAMP_PACMAN/CDM_BOOTCAMP_PACMAN/src/project.v:274$233 ($ge).
Removed top 27 bits (of 32) from port B of cell tt_um_ezumaex_pacman.$le$/home/runner/work/CDM_BOOTCAMP_PACMAN/CDM_BOOTCAMP_PACMAN/src/project.v:274$234 ($le).
Removed top 28 bits (of 32) from port B of cell tt_um_ezumaex_pacman.$ge$/home/runner/work/CDM_BOOTCAMP_PACMAN/CDM_BOOTCAMP_PACMAN/src/project.v:274$236 ($ge).
Removed top 27 bits (of 32) from port B of cell tt_um_ezumaex_pacman.$le$/home/runner/work/CDM_BOOTCAMP_PACMAN/CDM_BOOTCAMP_PACMAN/src/project.v:274$238 ($le).
Removed top 28 bits (of 32) from port B of cell tt_um_ezumaex_pacman.$ge$/home/runner/work/CDM_BOOTCAMP_PACMAN/CDM_BOOTCAMP_PACMAN/src/project.v:275$240 ($ge).
Removed top 27 bits (of 32) from port B of cell tt_um_ezumaex_pacman.$le$/home/runner/work/CDM_BOOTCAMP_PACMAN/CDM_BOOTCAMP_PACMAN/src/project.v:275$241 ($le).
Removed top 28 bits (of 32) from port B of cell tt_um_ezumaex_pacman.$ge$/home/runner/work/CDM_BOOTCAMP_PACMAN/CDM_BOOTCAMP_PACMAN/src/project.v:275$243 ($ge).
Removed top 27 bits (of 32) from port B of cell tt_um_ezumaex_pacman.$le$/home/runner/work/CDM_BOOTCAMP_PACMAN/CDM_BOOTCAMP_PACMAN/src/project.v:275$245 ($le).
Removed top 4 bits (of 8) from port B of cell tt_um_ezumaex_pacman.$le$/home/runner/work/CDM_BOOTCAMP_PACMAN/CDM_BOOTCAMP_PACMAN/src/project.v:313$257 ($le).
Removed top 4 bits (of 8) from port B of cell tt_um_ezumaex_pacman.$le$/home/runner/work/CDM_BOOTCAMP_PACMAN/CDM_BOOTCAMP_PACMAN/src/project.v:313$259 ($le).
Removed top 1 bits (of 2) from port B of cell tt_um_ezumaex_pacman.$eq$/home/runner/work/CDM_BOOTCAMP_PACMAN/CDM_BOOTCAMP_PACMAN/src/project.v:326$269 ($eq).
Removed top 4 bits (of 8) from port B of cell tt_um_ezumaex_pacman.$le$/home/runner/work/CDM_BOOTCAMP_PACMAN/CDM_BOOTCAMP_PACMAN/src/project.v:337$289 ($le).
Removed top 4 bits (of 8) from port B of cell tt_um_ezumaex_pacman.$le$/home/runner/work/CDM_BOOTCAMP_PACMAN/CDM_BOOTCAMP_PACMAN/src/project.v:337$291 ($le).
Removed top 2 bits (of 4) from port B of cell tt_um_ezumaex_pacman.$ge$/home/runner/work/CDM_BOOTCAMP_PACMAN/CDM_BOOTCAMP_PACMAN/src/project.v:347$308 ($ge).
Removed top 1 bits (of 4) from port B of cell tt_um_ezumaex_pacman.$le$/home/runner/work/CDM_BOOTCAMP_PACMAN/CDM_BOOTCAMP_PACMAN/src/project.v:347$309 ($le).
Removed top 2 bits (of 4) from port B of cell tt_um_ezumaex_pacman.$ge$/home/runner/work/CDM_BOOTCAMP_PACMAN/CDM_BOOTCAMP_PACMAN/src/project.v:347$312 ($ge).
Removed top 25 bits (of 32) from port B of cell tt_um_ezumaex_pacman.$lt$/home/runner/work/CDM_BOOTCAMP_PACMAN/CDM_BOOTCAMP_PACMAN/src/project.v:354$326 ($lt).
Removed top 1 bits (of 4) from port B of cell tt_um_ezumaex_pacman.$le$/home/runner/work/CDM_BOOTCAMP_PACMAN/CDM_BOOTCAMP_PACMAN/src/project.v:287$734 ($le).
Removed top 1 bits (of 4) from port B of cell tt_um_ezumaex_pacman.$le$/home/runner/work/CDM_BOOTCAMP_PACMAN/CDM_BOOTCAMP_PACMAN/src/project.v:288$735 ($le).
Removed top 1 bits (of 4) from port B of cell tt_um_ezumaex_pacman.$le$/home/runner/work/CDM_BOOTCAMP_PACMAN/CDM_BOOTCAMP_PACMAN/src/project.v:289$736 ($le).
Removed top 1 bits (of 4) from port B of cell tt_um_ezumaex_pacman.$le$/home/runner/work/CDM_BOOTCAMP_PACMAN/CDM_BOOTCAMP_PACMAN/src/project.v:287$749 ($le).
Removed top 1 bits (of 4) from port B of cell tt_um_ezumaex_pacman.$le$/home/runner/work/CDM_BOOTCAMP_PACMAN/CDM_BOOTCAMP_PACMAN/src/project.v:288$750 ($le).
Removed top 1 bits (of 4) from port B of cell tt_um_ezumaex_pacman.$le$/home/runner/work/CDM_BOOTCAMP_PACMAN/CDM_BOOTCAMP_PACMAN/src/project.v:289$751 ($le).
Removed top 1 bits (of 4) from port B of cell tt_um_ezumaex_pacman.$procmux$777_CMP0 ($eq).
Removed top 1 bits (of 4) from port B of cell tt_um_ezumaex_pacman.$procmux$778_CMP0 ($eq).
Removed top 1 bits (of 4) from port B of cell tt_um_ezumaex_pacman.$procmux$778_CMP1 ($eq).
Removed top 3 bits (of 4) from port B of cell tt_um_ezumaex_pacman.$procmux$779_CMP0 ($eq).
Removed top 2 bits (of 4) from port B of cell tt_um_ezumaex_pacman.$procmux$779_CMP1 ($eq).
Removed top 2 bits (of 4) from port B of cell tt_um_ezumaex_pacman.$procmux$779_CMP2 ($eq).
Removed top 1 bits (of 4) from port B of cell tt_um_ezumaex_pacman.$procmux$779_CMP3 ($eq).
Removed top 1 bits (of 4) from port B of cell tt_um_ezumaex_pacman.$procmux$788_CMP0 ($eq).
Removed top 1 bits (of 4) from port B of cell tt_um_ezumaex_pacman.$procmux$789_CMP0 ($eq).
Removed top 1 bits (of 4) from port B of cell tt_um_ezumaex_pacman.$procmux$789_CMP1 ($eq).
Removed top 3 bits (of 4) from port B of cell tt_um_ezumaex_pacman.$procmux$790_CMP0 ($eq).
Removed top 2 bits (of 4) from port B of cell tt_um_ezumaex_pacman.$procmux$790_CMP1 ($eq).
Removed top 2 bits (of 4) from port B of cell tt_um_ezumaex_pacman.$procmux$790_CMP2 ($eq).
Removed top 1 bits (of 4) from port B of cell tt_um_ezumaex_pacman.$procmux$790_CMP3 ($eq).
Removed top 1 bits (of 10) from port B of cell tt_um_ezumaex_pacman.$flatten\hvsync_gen.$lt$/home/runner/work/CDM_BOOTCAMP_PACMAN/CDM_BOOTCAMP_PACMAN/src/hvsync_generator.v:20$768 ($lt).
Removed top 1 bits (of 10) from port B of cell tt_um_ezumaex_pacman.$flatten\hvsync_gen.$lt$/home/runner/work/CDM_BOOTCAMP_PACMAN/CDM_BOOTCAMP_PACMAN/src/hvsync_generator.v:19$764 ($lt).
Removed top 1 bits (of 10) from port B of cell tt_um_ezumaex_pacman.$flatten\hvsync_gen.$ge$/home/runner/work/CDM_BOOTCAMP_PACMAN/CDM_BOOTCAMP_PACMAN/src/hvsync_generator.v:19$763 ($ge).
Removed top 9 bits (of 10) from port B of cell tt_um_ezumaex_pacman.$flatten\hvsync_gen.$add$/home/runner/work/CDM_BOOTCAMP_PACMAN/CDM_BOOTCAMP_PACMAN/src/hvsync_generator.v:16$758 ($add).
Removed top 9 bits (of 10) from port B of cell tt_um_ezumaex_pacman.$flatten\hvsync_gen.$add$/home/runner/work/CDM_BOOTCAMP_PACMAN/CDM_BOOTCAMP_PACMAN/src/hvsync_generator.v:15$756 ($add).
Removed top 26 bits (of 32) from wire tt_um_ezumaex_pacman.$add$/home/runner/work/CDM_BOOTCAMP_PACMAN/CDM_BOOTCAMP_PACMAN/src/project.v:190$155_Y.
Removed top 22 bits (of 32) from wire tt_um_ezumaex_pacman.$sub$/home/runner/work/CDM_BOOTCAMP_PACMAN/CDM_BOOTCAMP_PACMAN/src/project.v:192$157_Y.

65. Executing PEEPOPT pass (run peephole optimizers).

66. Executing OPT_CLEAN pass (remove unused cells and wires).
Finding unused cells or wires in module \tt_um_ezumaex_pacman..
Removed 0 unused cells and 2 unused wires.
<suppressed ~1 debug messages>

67. Executing ALUMACC pass (create $alu and $macc cells).
Extracting $alu and $macc cells in module tt_um_ezumaex_pacman:
  creating $macc model for $add$/home/runner/work/CDM_BOOTCAMP_PACMAN/CDM_BOOTCAMP_PACMAN/src/project.v:101$49 ($add).
  creating $macc model for $add$/home/runner/work/CDM_BOOTCAMP_PACMAN/CDM_BOOTCAMP_PACMAN/src/project.v:127$79 ($add).
  creating $macc model for $add$/home/runner/work/CDM_BOOTCAMP_PACMAN/CDM_BOOTCAMP_PACMAN/src/project.v:129$83 ($add).
  creating $macc model for $add$/home/runner/work/CDM_BOOTCAMP_PACMAN/CDM_BOOTCAMP_PACMAN/src/project.v:190$155 ($add).
  creating $macc model for $add$/home/runner/work/CDM_BOOTCAMP_PACMAN/CDM_BOOTCAMP_PACMAN/src/project.v:199$164 ($add).
  creating $macc model for $add$/home/runner/work/CDM_BOOTCAMP_PACMAN/CDM_BOOTCAMP_PACMAN/src/project.v:203$168 ($add).
  creating $macc model for $add$/home/runner/work/CDM_BOOTCAMP_PACMAN/CDM_BOOTCAMP_PACMAN/src/project.v:219$189 ($add).
  creating $macc model for $add$/home/runner/work/CDM_BOOTCAMP_PACMAN/CDM_BOOTCAMP_PACMAN/src/project.v:221$193 ($add).
  creating $macc model for $add$/home/runner/work/CDM_BOOTCAMP_PACMAN/CDM_BOOTCAMP_PACMAN/src/project.v:256$208 ($add).
  creating $macc model for $add$/home/runner/work/CDM_BOOTCAMP_PACMAN/CDM_BOOTCAMP_PACMAN/src/project.v:257$209 ($add).
  creating $macc model for $add$/home/runner/work/CDM_BOOTCAMP_PACMAN/CDM_BOOTCAMP_PACMAN/src/project.v:99$45 ($add).
  creating $macc model for $flatten\hvsync_gen.$add$/home/runner/work/CDM_BOOTCAMP_PACMAN/CDM_BOOTCAMP_PACMAN/src/hvsync_generator.v:15$756 ($add).
  creating $macc model for $flatten\hvsync_gen.$add$/home/runner/work/CDM_BOOTCAMP_PACMAN/CDM_BOOTCAMP_PACMAN/src/hvsync_generator.v:16$758 ($add).
  creating $macc model for $neg$/home/runner/work/CDM_BOOTCAMP_PACMAN/CDM_BOOTCAMP_PACMAN/src/project.v:208$172 ($neg).
  creating $macc model for $sub$/home/runner/work/CDM_BOOTCAMP_PACMAN/CDM_BOOTCAMP_PACMAN/src/project.v:100$47 ($sub).
  creating $macc model for $sub$/home/runner/work/CDM_BOOTCAMP_PACMAN/CDM_BOOTCAMP_PACMAN/src/project.v:119$75 ($sub).
  creating $macc model for $sub$/home/runner/work/CDM_BOOTCAMP_PACMAN/CDM_BOOTCAMP_PACMAN/src/project.v:120$76 ($sub).
  creating $macc model for $sub$/home/runner/work/CDM_BOOTCAMP_PACMAN/CDM_BOOTCAMP_PACMAN/src/project.v:126$77 ($sub).
  creating $macc model for $sub$/home/runner/work/CDM_BOOTCAMP_PACMAN/CDM_BOOTCAMP_PACMAN/src/project.v:128$81 ($sub).
  creating $macc model for $sub$/home/runner/work/CDM_BOOTCAMP_PACMAN/CDM_BOOTCAMP_PACMAN/src/project.v:149$111 ($sub).
  creating $macc model for $sub$/home/runner/work/CDM_BOOTCAMP_PACMAN/CDM_BOOTCAMP_PACMAN/src/project.v:149$112 ($sub).
  creating $macc model for $sub$/home/runner/work/CDM_BOOTCAMP_PACMAN/CDM_BOOTCAMP_PACMAN/src/project.v:150$115 ($sub).
  creating $macc model for $sub$/home/runner/work/CDM_BOOTCAMP_PACMAN/CDM_BOOTCAMP_PACMAN/src/project.v:150$116 ($sub).
  creating $macc model for $sub$/home/runner/work/CDM_BOOTCAMP_PACMAN/CDM_BOOTCAMP_PACMAN/src/project.v:192$157 ($sub).
  creating $macc model for $sub$/home/runner/work/CDM_BOOTCAMP_PACMAN/CDM_BOOTCAMP_PACMAN/src/project.v:197$162 ($sub).
  creating $macc model for $sub$/home/runner/work/CDM_BOOTCAMP_PACMAN/CDM_BOOTCAMP_PACMAN/src/project.v:201$166 ($sub).
  creating $macc model for $sub$/home/runner/work/CDM_BOOTCAMP_PACMAN/CDM_BOOTCAMP_PACMAN/src/project.v:218$187 ($sub).
  creating $macc model for $sub$/home/runner/work/CDM_BOOTCAMP_PACMAN/CDM_BOOTCAMP_PACMAN/src/project.v:220$191 ($sub).
  creating $macc model for $sub$/home/runner/work/CDM_BOOTCAMP_PACMAN/CDM_BOOTCAMP_PACMAN/src/project.v:252$203 ($sub).
  creating $macc model for $sub$/home/runner/work/CDM_BOOTCAMP_PACMAN/CDM_BOOTCAMP_PACMAN/src/project.v:253$204 ($sub).
  creating $macc model for $sub$/home/runner/work/CDM_BOOTCAMP_PACMAN/CDM_BOOTCAMP_PACMAN/src/project.v:310$250 ($sub).
  creating $macc model for $sub$/home/runner/work/CDM_BOOTCAMP_PACMAN/CDM_BOOTCAMP_PACMAN/src/project.v:310$251 ($sub).
  creating $macc model for $sub$/home/runner/work/CDM_BOOTCAMP_PACMAN/CDM_BOOTCAMP_PACMAN/src/project.v:312$254 ($sub).
  creating $macc model for $sub$/home/runner/work/CDM_BOOTCAMP_PACMAN/CDM_BOOTCAMP_PACMAN/src/project.v:312$255 ($sub).
  creating $macc model for $sub$/home/runner/work/CDM_BOOTCAMP_PACMAN/CDM_BOOTCAMP_PACMAN/src/project.v:334$282 ($sub).
  creating $macc model for $sub$/home/runner/work/CDM_BOOTCAMP_PACMAN/CDM_BOOTCAMP_PACMAN/src/project.v:334$283 ($sub).
  creating $macc model for $sub$/home/runner/work/CDM_BOOTCAMP_PACMAN/CDM_BOOTCAMP_PACMAN/src/project.v:336$286 ($sub).
  creating $macc model for $sub$/home/runner/work/CDM_BOOTCAMP_PACMAN/CDM_BOOTCAMP_PACMAN/src/project.v:336$287 ($sub).
  creating $macc model for $sub$/home/runner/work/CDM_BOOTCAMP_PACMAN/CDM_BOOTCAMP_PACMAN/src/project.v:80$41 ($sub).
  creating $macc model for $sub$/home/runner/work/CDM_BOOTCAMP_PACMAN/CDM_BOOTCAMP_PACMAN/src/project.v:81$42 ($sub).
  creating $macc model for $sub$/home/runner/work/CDM_BOOTCAMP_PACMAN/CDM_BOOTCAMP_PACMAN/src/project.v:98$43 ($sub).
  creating $alu model for $macc $sub$/home/runner/work/CDM_BOOTCAMP_PACMAN/CDM_BOOTCAMP_PACMAN/src/project.v:98$43.
  creating $alu model for $macc $sub$/home/runner/work/CDM_BOOTCAMP_PACMAN/CDM_BOOTCAMP_PACMAN/src/project.v:81$42.
  creating $alu model for $macc $sub$/home/runner/work/CDM_BOOTCAMP_PACMAN/CDM_BOOTCAMP_PACMAN/src/project.v:80$41.
  creating $alu model for $macc $sub$/home/runner/work/CDM_BOOTCAMP_PACMAN/CDM_BOOTCAMP_PACMAN/src/project.v:336$287.
  creating $alu model for $macc $sub$/home/runner/work/CDM_BOOTCAMP_PACMAN/CDM_BOOTCAMP_PACMAN/src/project.v:336$286.
  creating $alu model for $macc $sub$/home/runner/work/CDM_BOOTCAMP_PACMAN/CDM_BOOTCAMP_PACMAN/src/project.v:334$283.
  creating $alu model for $macc $sub$/home/runner/work/CDM_BOOTCAMP_PACMAN/CDM_BOOTCAMP_PACMAN/src/project.v:334$282.
  creating $alu model for $macc $sub$/home/runner/work/CDM_BOOTCAMP_PACMAN/CDM_BOOTCAMP_PACMAN/src/project.v:312$255.
  creating $alu model for $macc $sub$/home/runner/work/CDM_BOOTCAMP_PACMAN/CDM_BOOTCAMP_PACMAN/src/project.v:312$254.
  creating $alu model for $macc $sub$/home/runner/work/CDM_BOOTCAMP_PACMAN/CDM_BOOTCAMP_PACMAN/src/project.v:310$251.
  creating $alu model for $macc $sub$/home/runner/work/CDM_BOOTCAMP_PACMAN/CDM_BOOTCAMP_PACMAN/src/project.v:310$250.
  creating $alu model for $macc $sub$/home/runner/work/CDM_BOOTCAMP_PACMAN/CDM_BOOTCAMP_PACMAN/src/project.v:253$204.
  creating $alu model for $macc $sub$/home/runner/work/CDM_BOOTCAMP_PACMAN/CDM_BOOTCAMP_PACMAN/src/project.v:252$203.
  creating $alu model for $macc $sub$/home/runner/work/CDM_BOOTCAMP_PACMAN/CDM_BOOTCAMP_PACMAN/src/project.v:220$191.
  creating $alu model for $macc $sub$/home/runner/work/CDM_BOOTCAMP_PACMAN/CDM_BOOTCAMP_PACMAN/src/project.v:218$187.
  creating $alu model for $macc $sub$/home/runner/work/CDM_BOOTCAMP_PACMAN/CDM_BOOTCAMP_PACMAN/src/project.v:201$166.
  creating $alu model for $macc $sub$/home/runner/work/CDM_BOOTCAMP_PACMAN/CDM_BOOTCAMP_PACMAN/src/project.v:197$162.
  creating $alu model for $macc $sub$/home/runner/work/CDM_BOOTCAMP_PACMAN/CDM_BOOTCAMP_PACMAN/src/project.v:192$157.
  creating $alu model for $macc $sub$/home/runner/work/CDM_BOOTCAMP_PACMAN/CDM_BOOTCAMP_PACMAN/src/project.v:150$116.
  creating $alu model for $macc $sub$/home/runner/work/CDM_BOOTCAMP_PACMAN/CDM_BOOTCAMP_PACMAN/src/project.v:150$115.
  creating $alu model for $macc $sub$/home/runner/work/CDM_BOOTCAMP_PACMAN/CDM_BOOTCAMP_PACMAN/src/project.v:149$112.
  creating $alu model for $macc $sub$/home/runner/work/CDM_BOOTCAMP_PACMAN/CDM_BOOTCAMP_PACMAN/src/project.v:149$111.
  creating $alu model for $macc $sub$/home/runner/work/CDM_BOOTCAMP_PACMAN/CDM_BOOTCAMP_PACMAN/src/project.v:128$81.
  creating $alu model for $macc $sub$/home/runner/work/CDM_BOOTCAMP_PACMAN/CDM_BOOTCAMP_PACMAN/src/project.v:126$77.
  creating $alu model for $macc $sub$/home/runner/work/CDM_BOOTCAMP_PACMAN/CDM_BOOTCAMP_PACMAN/src/project.v:120$76.
  creating $alu model for $macc $sub$/home/runner/work/CDM_BOOTCAMP_PACMAN/CDM_BOOTCAMP_PACMAN/src/project.v:119$75.
  creating $alu model for $macc $sub$/home/runner/work/CDM_BOOTCAMP_PACMAN/CDM_BOOTCAMP_PACMAN/src/project.v:100$47.
  creating $alu model for $macc $neg$/home/runner/work/CDM_BOOTCAMP_PACMAN/CDM_BOOTCAMP_PACMAN/src/project.v:208$172.
  creating $alu model for $macc $flatten\hvsync_gen.$add$/home/runner/work/CDM_BOOTCAMP_PACMAN/CDM_BOOTCAMP_PACMAN/src/hvsync_generator.v:16$758.
  creating $alu model for $macc $flatten\hvsync_gen.$add$/home/runner/work/CDM_BOOTCAMP_PACMAN/CDM_BOOTCAMP_PACMAN/src/hvsync_generator.v:15$756.
  creating $alu model for $macc $add$/home/runner/work/CDM_BOOTCAMP_PACMAN/CDM_BOOTCAMP_PACMAN/src/project.v:99$45.
  creating $alu model for $macc $add$/home/runner/work/CDM_BOOTCAMP_PACMAN/CDM_BOOTCAMP_PACMAN/src/project.v:257$209.
  creating $alu model for $macc $add$/home/runner/work/CDM_BOOTCAMP_PACMAN/CDM_BOOTCAMP_PACMAN/src/project.v:256$208.
  creating $alu model for $macc $add$/home/runner/work/CDM_BOOTCAMP_PACMAN/CDM_BOOTCAMP_PACMAN/src/project.v:221$193.
  creating $alu model for $macc $add$/home/runner/work/CDM_BOOTCAMP_PACMAN/CDM_BOOTCAMP_PACMAN/src/project.v:219$189.
  creating $alu model for $macc $add$/home/runner/work/CDM_BOOTCAMP_PACMAN/CDM_BOOTCAMP_PACMAN/src/project.v:203$168.
  creating $alu model for $macc $add$/home/runner/work/CDM_BOOTCAMP_PACMAN/CDM_BOOTCAMP_PACMAN/src/project.v:199$164.
  creating $alu model for $macc $add$/home/runner/work/CDM_BOOTCAMP_PACMAN/CDM_BOOTCAMP_PACMAN/src/project.v:190$155.
  creating $alu model for $macc $add$/home/runner/work/CDM_BOOTCAMP_PACMAN/CDM_BOOTCAMP_PACMAN/src/project.v:129$83.
  creating $alu model for $macc $add$/home/runner/work/CDM_BOOTCAMP_PACMAN/CDM_BOOTCAMP_PACMAN/src/project.v:127$79.
  creating $alu model for $macc $add$/home/runner/work/CDM_BOOTCAMP_PACMAN/CDM_BOOTCAMP_PACMAN/src/project.v:101$49.
  creating $alu model for $flatten\hvsync_gen.$ge$/home/runner/work/CDM_BOOTCAMP_PACMAN/CDM_BOOTCAMP_PACMAN/src/hvsync_generator.v:18$759 ($ge): new $alu
  creating $alu model for $flatten\hvsync_gen.$ge$/home/runner/work/CDM_BOOTCAMP_PACMAN/CDM_BOOTCAMP_PACMAN/src/hvsync_generator.v:19$763 ($ge): new $alu
  creating $alu model for $flatten\hvsync_gen.$lt$/home/runner/work/CDM_BOOTCAMP_PACMAN/CDM_BOOTCAMP_PACMAN/src/hvsync_generator.v:18$760 ($lt): new $alu
  creating $alu model for $flatten\hvsync_gen.$lt$/home/runner/work/CDM_BOOTCAMP_PACMAN/CDM_BOOTCAMP_PACMAN/src/hvsync_generator.v:19$764 ($lt): new $alu
  creating $alu model for $flatten\hvsync_gen.$lt$/home/runner/work/CDM_BOOTCAMP_PACMAN/CDM_BOOTCAMP_PACMAN/src/hvsync_generator.v:20$767 ($lt): new $alu
  creating $alu model for $flatten\hvsync_gen.$lt$/home/runner/work/CDM_BOOTCAMP_PACMAN/CDM_BOOTCAMP_PACMAN/src/hvsync_generator.v:20$768 ($lt): new $alu
  creating $alu model for $ge$/home/runner/work/CDM_BOOTCAMP_PACMAN/CDM_BOOTCAMP_PACMAN/src/project.v:104$53 ($ge): new $alu
  creating $alu model for $ge$/home/runner/work/CDM_BOOTCAMP_PACMAN/CDM_BOOTCAMP_PACMAN/src/project.v:106$57 ($ge): new $alu
  creating $alu model for $ge$/home/runner/work/CDM_BOOTCAMP_PACMAN/CDM_BOOTCAMP_PACMAN/src/project.v:109$61 ($ge): new $alu
  creating $alu model for $ge$/home/runner/work/CDM_BOOTCAMP_PACMAN/CDM_BOOTCAMP_PACMAN/src/project.v:111$65 ($ge): new $alu
  creating $alu model for $ge$/home/runner/work/CDM_BOOTCAMP_PACMAN/CDM_BOOTCAMP_PACMAN/src/project.v:132$87 ($ge): new $alu
  creating $alu model for $ge$/home/runner/work/CDM_BOOTCAMP_PACMAN/CDM_BOOTCAMP_PACMAN/src/project.v:134$91 ($ge): new $alu
  creating $alu model for $ge$/home/runner/work/CDM_BOOTCAMP_PACMAN/CDM_BOOTCAMP_PACMAN/src/project.v:137$95 ($ge): new $alu
  creating $alu model for $ge$/home/runner/work/CDM_BOOTCAMP_PACMAN/CDM_BOOTCAMP_PACMAN/src/project.v:139$99 ($ge): new $alu
  creating $alu model for $ge$/home/runner/work/CDM_BOOTCAMP_PACMAN/CDM_BOOTCAMP_PACMAN/src/project.v:149$110 ($ge): merged with $sub$/home/runner/work/CDM_BOOTCAMP_PACMAN/CDM_BOOTCAMP_PACMAN/src/project.v:149$111.
  creating $alu model for $ge$/home/runner/work/CDM_BOOTCAMP_PACMAN/CDM_BOOTCAMP_PACMAN/src/project.v:150$114 ($ge): merged with $sub$/home/runner/work/CDM_BOOTCAMP_PACMAN/CDM_BOOTCAMP_PACMAN/src/project.v:150$115.
  creating $alu model for $ge$/home/runner/work/CDM_BOOTCAMP_PACMAN/CDM_BOOTCAMP_PACMAN/src/project.v:274$233 ($ge): new $alu
  creating $alu model for $ge$/home/runner/work/CDM_BOOTCAMP_PACMAN/CDM_BOOTCAMP_PACMAN/src/project.v:274$236 ($ge): new $alu
  creating $alu model for $ge$/home/runner/work/CDM_BOOTCAMP_PACMAN/CDM_BOOTCAMP_PACMAN/src/project.v:275$240 ($ge): new $alu
  creating $alu model for $ge$/home/runner/work/CDM_BOOTCAMP_PACMAN/CDM_BOOTCAMP_PACMAN/src/project.v:275$243 ($ge): new $alu
  creating $alu model for $ge$/home/runner/work/CDM_BOOTCAMP_PACMAN/CDM_BOOTCAMP_PACMAN/src/project.v:309$249 ($ge): merged with $sub$/home/runner/work/CDM_BOOTCAMP_PACMAN/CDM_BOOTCAMP_PACMAN/src/project.v:310$250.
  creating $alu model for $ge$/home/runner/work/CDM_BOOTCAMP_PACMAN/CDM_BOOTCAMP_PACMAN/src/project.v:311$253 ($ge): merged with $sub$/home/runner/work/CDM_BOOTCAMP_PACMAN/CDM_BOOTCAMP_PACMAN/src/project.v:312$254.
  creating $alu model for $ge$/home/runner/work/CDM_BOOTCAMP_PACMAN/CDM_BOOTCAMP_PACMAN/src/project.v:333$281 ($ge): merged with $sub$/home/runner/work/CDM_BOOTCAMP_PACMAN/CDM_BOOTCAMP_PACMAN/src/project.v:334$282.
  creating $alu model for $ge$/home/runner/work/CDM_BOOTCAMP_PACMAN/CDM_BOOTCAMP_PACMAN/src/project.v:335$285 ($ge): merged with $sub$/home/runner/work/CDM_BOOTCAMP_PACMAN/CDM_BOOTCAMP_PACMAN/src/project.v:336$286.
  creating $alu model for $ge$/home/runner/work/CDM_BOOTCAMP_PACMAN/CDM_BOOTCAMP_PACMAN/src/project.v:347$308 ($ge): new $alu
  creating $alu model for $ge$/home/runner/work/CDM_BOOTCAMP_PACMAN/CDM_BOOTCAMP_PACMAN/src/project.v:347$312 ($ge): new $alu
  creating $alu model for $gt$/home/runner/work/CDM_BOOTCAMP_PACMAN/CDM_BOOTCAMP_PACMAN/src/project.v:146$109 ($gt): new $alu
  creating $alu model for $gt$/home/runner/work/CDM_BOOTCAMP_PACMAN/CDM_BOOTCAMP_PACMAN/src/project.v:154$121 ($gt): new $alu
  creating $alu model for $gt$/home/runner/work/CDM_BOOTCAMP_PACMAN/CDM_BOOTCAMP_PACMAN/src/project.v:156$125 ($gt): new $alu
  creating $alu model for $gt$/home/runner/work/CDM_BOOTCAMP_PACMAN/CDM_BOOTCAMP_PACMAN/src/project.v:160$130 ($gt): merged with $sub$/home/runner/work/CDM_BOOTCAMP_PACMAN/CDM_BOOTCAMP_PACMAN/src/project.v:149$112.
  creating $alu model for $gt$/home/runner/work/CDM_BOOTCAMP_PACMAN/CDM_BOOTCAMP_PACMAN/src/project.v:162$132 ($gt): merged with $sub$/home/runner/work/CDM_BOOTCAMP_PACMAN/CDM_BOOTCAMP_PACMAN/src/project.v:150$116.
  creating $alu model for $gt$/home/runner/work/CDM_BOOTCAMP_PACMAN/CDM_BOOTCAMP_PACMAN/src/project.v:163$133 ($gt): new $alu
  creating $alu model for $gt$/home/runner/work/CDM_BOOTCAMP_PACMAN/CDM_BOOTCAMP_PACMAN/src/project.v:165$137 ($gt): new $alu
  creating $alu model for $gt$/home/runner/work/CDM_BOOTCAMP_PACMAN/CDM_BOOTCAMP_PACMAN/src/project.v:345$300 ($gt): new $alu
  creating $alu model for $le$/home/runner/work/CDM_BOOTCAMP_PACMAN/CDM_BOOTCAMP_PACMAN/src/project.v:151$118 ($le): new $alu
  creating $alu model for $le$/home/runner/work/CDM_BOOTCAMP_PACMAN/CDM_BOOTCAMP_PACMAN/src/project.v:151$119 ($le): new $alu
  creating $alu model for $le$/home/runner/work/CDM_BOOTCAMP_PACMAN/CDM_BOOTCAMP_PACMAN/src/project.v:258$210 ($le): new $alu
  creating $alu model for $le$/home/runner/work/CDM_BOOTCAMP_PACMAN/CDM_BOOTCAMP_PACMAN/src/project.v:258$211 ($le): new $alu
  creating $alu model for $le$/home/runner/work/CDM_BOOTCAMP_PACMAN/CDM_BOOTCAMP_PACMAN/src/project.v:274$234 ($le): new $alu
  creating $alu model for $le$/home/runner/work/CDM_BOOTCAMP_PACMAN/CDM_BOOTCAMP_PACMAN/src/project.v:274$238 ($le): new $alu
  creating $alu model for $le$/home/runner/work/CDM_BOOTCAMP_PACMAN/CDM_BOOTCAMP_PACMAN/src/project.v:275$241 ($le): new $alu
  creating $alu model for $le$/home/runner/work/CDM_BOOTCAMP_PACMAN/CDM_BOOTCAMP_PACMAN/src/project.v:275$245 ($le): new $alu
  creating $alu model for $le$/home/runner/work/CDM_BOOTCAMP_PACMAN/CDM_BOOTCAMP_PACMAN/src/project.v:282$729 ($le): new $alu
  creating $alu model for $le$/home/runner/work/CDM_BOOTCAMP_PACMAN/CDM_BOOTCAMP_PACMAN/src/project.v:282$744 ($le): new $alu
  creating $alu model for $le$/home/runner/work/CDM_BOOTCAMP_PACMAN/CDM_BOOTCAMP_PACMAN/src/project.v:283$730 ($le): new $alu
  creating $alu model for $le$/home/runner/work/CDM_BOOTCAMP_PACMAN/CDM_BOOTCAMP_PACMAN/src/project.v:283$745 ($le): new $alu
  creating $alu model for $le$/home/runner/work/CDM_BOOTCAMP_PACMAN/CDM_BOOTCAMP_PACMAN/src/project.v:284$731 ($le): new $alu
  creating $alu model for $le$/home/runner/work/CDM_BOOTCAMP_PACMAN/CDM_BOOTCAMP_PACMAN/src/project.v:284$746 ($le): new $alu
  creating $alu model for $le$/home/runner/work/CDM_BOOTCAMP_PACMAN/CDM_BOOTCAMP_PACMAN/src/project.v:285$732 ($le): new $alu
  creating $alu model for $le$/home/runner/work/CDM_BOOTCAMP_PACMAN/CDM_BOOTCAMP_PACMAN/src/project.v:285$747 ($le): new $alu
  creating $alu model for $le$/home/runner/work/CDM_BOOTCAMP_PACMAN/CDM_BOOTCAMP_PACMAN/src/project.v:286$733 ($le): new $alu
  creating $alu model for $le$/home/runner/work/CDM_BOOTCAMP_PACMAN/CDM_BOOTCAMP_PACMAN/src/project.v:286$748 ($le): new $alu
  creating $alu model for $le$/home/runner/work/CDM_BOOTCAMP_PACMAN/CDM_BOOTCAMP_PACMAN/src/project.v:287$734 ($le): new $alu
  creating $alu model for $le$/home/runner/work/CDM_BOOTCAMP_PACMAN/CDM_BOOTCAMP_PACMAN/src/project.v:287$749 ($le): new $alu
  creating $alu model for $le$/home/runner/work/CDM_BOOTCAMP_PACMAN/CDM_BOOTCAMP_PACMAN/src/project.v:288$735 ($le): new $alu
  creating $alu model for $le$/home/runner/work/CDM_BOOTCAMP_PACMAN/CDM_BOOTCAMP_PACMAN/src/project.v:288$750 ($le): new $alu
  creating $alu model for $le$/home/runner/work/CDM_BOOTCAMP_PACMAN/CDM_BOOTCAMP_PACMAN/src/project.v:289$736 ($le): new $alu
  creating $alu model for $le$/home/runner/work/CDM_BOOTCAMP_PACMAN/CDM_BOOTCAMP_PACMAN/src/project.v:289$751 ($le): new $alu
  creating $alu model for $le$/home/runner/work/CDM_BOOTCAMP_PACMAN/CDM_BOOTCAMP_PACMAN/src/project.v:313$257 ($le): new $alu
  creating $alu model for $le$/home/runner/work/CDM_BOOTCAMP_PACMAN/CDM_BOOTCAMP_PACMAN/src/project.v:313$259 ($le): new $alu
  creating $alu model for $le$/home/runner/work/CDM_BOOTCAMP_PACMAN/CDM_BOOTCAMP_PACMAN/src/project.v:337$289 ($le): new $alu
  creating $alu model for $le$/home/runner/work/CDM_BOOTCAMP_PACMAN/CDM_BOOTCAMP_PACMAN/src/project.v:337$291 ($le): new $alu
  creating $alu model for $le$/home/runner/work/CDM_BOOTCAMP_PACMAN/CDM_BOOTCAMP_PACMAN/src/project.v:347$309 ($le): new $alu
  creating $alu model for $lt$/home/runner/work/CDM_BOOTCAMP_PACMAN/CDM_BOOTCAMP_PACMAN/src/project.v:103$51 ($lt): new $alu
  creating $alu model for $lt$/home/runner/work/CDM_BOOTCAMP_PACMAN/CDM_BOOTCAMP_PACMAN/src/project.v:105$55 ($lt): new $alu
  creating $alu model for $lt$/home/runner/work/CDM_BOOTCAMP_PACMAN/CDM_BOOTCAMP_PACMAN/src/project.v:108$59 ($lt): new $alu
  creating $alu model for $lt$/home/runner/work/CDM_BOOTCAMP_PACMAN/CDM_BOOTCAMP_PACMAN/src/project.v:110$63 ($lt): new $alu
  creating $alu model for $lt$/home/runner/work/CDM_BOOTCAMP_PACMAN/CDM_BOOTCAMP_PACMAN/src/project.v:131$85 ($lt): new $alu
  creating $alu model for $lt$/home/runner/work/CDM_BOOTCAMP_PACMAN/CDM_BOOTCAMP_PACMAN/src/project.v:133$89 ($lt): new $alu
  creating $alu model for $lt$/home/runner/work/CDM_BOOTCAMP_PACMAN/CDM_BOOTCAMP_PACMAN/src/project.v:136$93 ($lt): new $alu
  creating $alu model for $lt$/home/runner/work/CDM_BOOTCAMP_PACMAN/CDM_BOOTCAMP_PACMAN/src/project.v:138$97 ($lt): new $alu
  creating $alu model for $lt$/home/runner/work/CDM_BOOTCAMP_PACMAN/CDM_BOOTCAMP_PACMAN/src/project.v:155$123 ($lt): new $alu
  creating $alu model for $lt$/home/runner/work/CDM_BOOTCAMP_PACMAN/CDM_BOOTCAMP_PACMAN/src/project.v:157$127 ($lt): new $alu
  creating $alu model for $lt$/home/runner/work/CDM_BOOTCAMP_PACMAN/CDM_BOOTCAMP_PACMAN/src/project.v:159$129 ($lt): merged with $sub$/home/runner/work/CDM_BOOTCAMP_PACMAN/CDM_BOOTCAMP_PACMAN/src/project.v:149$112.
  creating $alu model for $lt$/home/runner/work/CDM_BOOTCAMP_PACMAN/CDM_BOOTCAMP_PACMAN/src/project.v:161$131 ($lt): merged with $sub$/home/runner/work/CDM_BOOTCAMP_PACMAN/CDM_BOOTCAMP_PACMAN/src/project.v:150$116.
  creating $alu model for $lt$/home/runner/work/CDM_BOOTCAMP_PACMAN/CDM_BOOTCAMP_PACMAN/src/project.v:164$135 ($lt): new $alu
  creating $alu model for $lt$/home/runner/work/CDM_BOOTCAMP_PACMAN/CDM_BOOTCAMP_PACMAN/src/project.v:166$139 ($lt): new $alu
  creating $alu model for $lt$/home/runner/work/CDM_BOOTCAMP_PACMAN/CDM_BOOTCAMP_PACMAN/src/project.v:328$274 ($lt): new $alu
  creating $alu model for $lt$/home/runner/work/CDM_BOOTCAMP_PACMAN/CDM_BOOTCAMP_PACMAN/src/project.v:328$275 ($lt): merged with $lt$/home/runner/work/CDM_BOOTCAMP_PACMAN/CDM_BOOTCAMP_PACMAN/src/project.v:328$274.
  creating $alu model for $lt$/home/runner/work/CDM_BOOTCAMP_PACMAN/CDM_BOOTCAMP_PACMAN/src/project.v:345$302 ($lt): merged with $le$/home/runner/work/CDM_BOOTCAMP_PACMAN/CDM_BOOTCAMP_PACMAN/src/project.v:286$748.
  creating $alu model for $lt$/home/runner/work/CDM_BOOTCAMP_PACMAN/CDM_BOOTCAMP_PACMAN/src/project.v:354$326 ($lt): new $alu
  creating $alu model for $eq$/home/runner/work/CDM_BOOTCAMP_PACMAN/CDM_BOOTCAMP_PACMAN/src/project.v:189$151 ($eq): merged with $flatten\hvsync_gen.$lt$/home/runner/work/CDM_BOOTCAMP_PACMAN/CDM_BOOTCAMP_PACMAN/src/hvsync_generator.v:20$768.
  creating $alu model for $procmux$776_CMP0 ($eq): merged with $gt$/home/runner/work/CDM_BOOTCAMP_PACMAN/CDM_BOOTCAMP_PACMAN/src/project.v:345$300.
  creating $alu model for $procmux$778_CMP1 ($eq): merged with $le$/home/runner/work/CDM_BOOTCAMP_PACMAN/CDM_BOOTCAMP_PACMAN/src/project.v:347$309.
  creating $alu model for $procmux$779_CMP1 ($eq): merged with $ge$/home/runner/work/CDM_BOOTCAMP_PACMAN/CDM_BOOTCAMP_PACMAN/src/project.v:347$308.
  creating $alu cell for $lt$/home/runner/work/CDM_BOOTCAMP_PACMAN/CDM_BOOTCAMP_PACMAN/src/project.v:354$326: $auto$alumacc.cc:512:replace_alu$1272
  creating $alu cell for $lt$/home/runner/work/CDM_BOOTCAMP_PACMAN/CDM_BOOTCAMP_PACMAN/src/project.v:328$274, $lt$/home/runner/work/CDM_BOOTCAMP_PACMAN/CDM_BOOTCAMP_PACMAN/src/project.v:328$275: $auto$alumacc.cc:512:replace_alu$1277
  creating $alu cell for $lt$/home/runner/work/CDM_BOOTCAMP_PACMAN/CDM_BOOTCAMP_PACMAN/src/project.v:166$139: $auto$alumacc.cc:512:replace_alu$1288
  creating $alu cell for $lt$/home/runner/work/CDM_BOOTCAMP_PACMAN/CDM_BOOTCAMP_PACMAN/src/project.v:164$135: $auto$alumacc.cc:512:replace_alu$1293
  creating $alu cell for $lt$/home/runner/work/CDM_BOOTCAMP_PACMAN/CDM_BOOTCAMP_PACMAN/src/project.v:157$127: $auto$alumacc.cc:512:replace_alu$1298
  creating $alu cell for $lt$/home/runner/work/CDM_BOOTCAMP_PACMAN/CDM_BOOTCAMP_PACMAN/src/project.v:155$123: $auto$alumacc.cc:512:replace_alu$1303
  creating $alu cell for $lt$/home/runner/work/CDM_BOOTCAMP_PACMAN/CDM_BOOTCAMP_PACMAN/src/project.v:138$97: $auto$alumacc.cc:512:replace_alu$1308
  creating $alu cell for $lt$/home/runner/work/CDM_BOOTCAMP_PACMAN/CDM_BOOTCAMP_PACMAN/src/project.v:136$93: $auto$alumacc.cc:512:replace_alu$1313
  creating $alu cell for $lt$/home/runner/work/CDM_BOOTCAMP_PACMAN/CDM_BOOTCAMP_PACMAN/src/project.v:133$89: $auto$alumacc.cc:512:replace_alu$1318
  creating $alu cell for $lt$/home/runner/work/CDM_BOOTCAMP_PACMAN/CDM_BOOTCAMP_PACMAN/src/project.v:131$85: $auto$alumacc.cc:512:replace_alu$1323
  creating $alu cell for $lt$/home/runner/work/CDM_BOOTCAMP_PACMAN/CDM_BOOTCAMP_PACMAN/src/project.v:110$63: $auto$alumacc.cc:512:replace_alu$1328
  creating $alu cell for $lt$/home/runner/work/CDM_BOOTCAMP_PACMAN/CDM_BOOTCAMP_PACMAN/src/project.v:108$59: $auto$alumacc.cc:512:replace_alu$1333
  creating $alu cell for $lt$/home/runner/work/CDM_BOOTCAMP_PACMAN/CDM_BOOTCAMP_PACMAN/src/project.v:105$55: $auto$alumacc.cc:512:replace_alu$1338
  creating $alu cell for $lt$/home/runner/work/CDM_BOOTCAMP_PACMAN/CDM_BOOTCAMP_PACMAN/src/project.v:103$51: $auto$alumacc.cc:512:replace_alu$1343
  creating $alu cell for $le$/home/runner/work/CDM_BOOTCAMP_PACMAN/CDM_BOOTCAMP_PACMAN/src/project.v:347$309, $procmux$778_CMP1: $auto$alumacc.cc:512:replace_alu$1348
  creating $alu cell for $le$/home/runner/work/CDM_BOOTCAMP_PACMAN/CDM_BOOTCAMP_PACMAN/src/project.v:337$291: $auto$alumacc.cc:512:replace_alu$1357
  creating $alu cell for $le$/home/runner/work/CDM_BOOTCAMP_PACMAN/CDM_BOOTCAMP_PACMAN/src/project.v:337$289: $auto$alumacc.cc:512:replace_alu$1366
  creating $alu cell for $le$/home/runner/work/CDM_BOOTCAMP_PACMAN/CDM_BOOTCAMP_PACMAN/src/project.v:313$259: $auto$alumacc.cc:512:replace_alu$1375
  creating $alu cell for $le$/home/runner/work/CDM_BOOTCAMP_PACMAN/CDM_BOOTCAMP_PACMAN/src/project.v:313$257: $auto$alumacc.cc:512:replace_alu$1384
  creating $alu cell for $le$/home/runner/work/CDM_BOOTCAMP_PACMAN/CDM_BOOTCAMP_PACMAN/src/project.v:289$751: $auto$alumacc.cc:512:replace_alu$1393
  creating $alu cell for $le$/home/runner/work/CDM_BOOTCAMP_PACMAN/CDM_BOOTCAMP_PACMAN/src/project.v:289$736: $auto$alumacc.cc:512:replace_alu$1402
  creating $alu cell for $le$/home/runner/work/CDM_BOOTCAMP_PACMAN/CDM_BOOTCAMP_PACMAN/src/project.v:288$750: $auto$alumacc.cc:512:replace_alu$1411
  creating $alu cell for $le$/home/runner/work/CDM_BOOTCAMP_PACMAN/CDM_BOOTCAMP_PACMAN/src/project.v:288$735: $auto$alumacc.cc:512:replace_alu$1420
  creating $alu cell for $le$/home/runner/work/CDM_BOOTCAMP_PACMAN/CDM_BOOTCAMP_PACMAN/src/project.v:287$749: $auto$alumacc.cc:512:replace_alu$1429
  creating $alu cell for $le$/home/runner/work/CDM_BOOTCAMP_PACMAN/CDM_BOOTCAMP_PACMAN/src/project.v:287$734: $auto$alumacc.cc:512:replace_alu$1438
  creating $alu cell for $le$/home/runner/work/CDM_BOOTCAMP_PACMAN/CDM_BOOTCAMP_PACMAN/src/project.v:286$748, $lt$/home/runner/work/CDM_BOOTCAMP_PACMAN/CDM_BOOTCAMP_PACMAN/src/project.v:345$302: $auto$alumacc.cc:512:replace_alu$1447
  creating $alu cell for $le$/home/runner/work/CDM_BOOTCAMP_PACMAN/CDM_BOOTCAMP_PACMAN/src/project.v:286$733: $auto$alumacc.cc:512:replace_alu$1456
  creating $alu cell for $le$/home/runner/work/CDM_BOOTCAMP_PACMAN/CDM_BOOTCAMP_PACMAN/src/project.v:285$747: $auto$alumacc.cc:512:replace_alu$1465
  creating $alu cell for $le$/home/runner/work/CDM_BOOTCAMP_PACMAN/CDM_BOOTCAMP_PACMAN/src/project.v:285$732: $auto$alumacc.cc:512:replace_alu$1474
  creating $alu cell for $le$/home/runner/work/CDM_BOOTCAMP_PACMAN/CDM_BOOTCAMP_PACMAN/src/project.v:284$746: $auto$alumacc.cc:512:replace_alu$1483
  creating $alu cell for $le$/home/runner/work/CDM_BOOTCAMP_PACMAN/CDM_BOOTCAMP_PACMAN/src/project.v:284$731: $auto$alumacc.cc:512:replace_alu$1492
  creating $alu cell for $le$/home/runner/work/CDM_BOOTCAMP_PACMAN/CDM_BOOTCAMP_PACMAN/src/project.v:283$745: $auto$alumacc.cc:512:replace_alu$1501
  creating $alu cell for $le$/home/runner/work/CDM_BOOTCAMP_PACMAN/CDM_BOOTCAMP_PACMAN/src/project.v:283$730: $auto$alumacc.cc:512:replace_alu$1510
  creating $alu cell for $le$/home/runner/work/CDM_BOOTCAMP_PACMAN/CDM_BOOTCAMP_PACMAN/src/project.v:282$744: $auto$alumacc.cc:512:replace_alu$1519
  creating $alu cell for $le$/home/runner/work/CDM_BOOTCAMP_PACMAN/CDM_BOOTCAMP_PACMAN/src/project.v:282$729: $auto$alumacc.cc:512:replace_alu$1528
  creating $alu cell for $le$/home/runner/work/CDM_BOOTCAMP_PACMAN/CDM_BOOTCAMP_PACMAN/src/project.v:275$245: $auto$alumacc.cc:512:replace_alu$1537
  creating $alu cell for $le$/home/runner/work/CDM_BOOTCAMP_PACMAN/CDM_BOOTCAMP_PACMAN/src/project.v:275$241: $auto$alumacc.cc:512:replace_alu$1546
  creating $alu cell for $le$/home/runner/work/CDM_BOOTCAMP_PACMAN/CDM_BOOTCAMP_PACMAN/src/project.v:274$238: $auto$alumacc.cc:512:replace_alu$1555
  creating $alu cell for $le$/home/runner/work/CDM_BOOTCAMP_PACMAN/CDM_BOOTCAMP_PACMAN/src/project.v:274$234: $auto$alumacc.cc:512:replace_alu$1564
  creating $alu cell for $le$/home/runner/work/CDM_BOOTCAMP_PACMAN/CDM_BOOTCAMP_PACMAN/src/project.v:258$211: $auto$alumacc.cc:512:replace_alu$1573
  creating $alu cell for $le$/home/runner/work/CDM_BOOTCAMP_PACMAN/CDM_BOOTCAMP_PACMAN/src/project.v:258$210: $auto$alumacc.cc:512:replace_alu$1582
  creating $alu cell for $le$/home/runner/work/CDM_BOOTCAMP_PACMAN/CDM_BOOTCAMP_PACMAN/src/project.v:151$119: $auto$alumacc.cc:512:replace_alu$1591
  creating $alu cell for $le$/home/runner/work/CDM_BOOTCAMP_PACMAN/CDM_BOOTCAMP_PACMAN/src/project.v:151$118: $auto$alumacc.cc:512:replace_alu$1600
  creating $alu cell for $gt$/home/runner/work/CDM_BOOTCAMP_PACMAN/CDM_BOOTCAMP_PACMAN/src/project.v:345$300, $procmux$776_CMP0: $auto$alumacc.cc:512:replace_alu$1609
  creating $alu cell for $gt$/home/runner/work/CDM_BOOTCAMP_PACMAN/CDM_BOOTCAMP_PACMAN/src/project.v:165$137: $auto$alumacc.cc:512:replace_alu$1620
  creating $alu cell for $gt$/home/runner/work/CDM_BOOTCAMP_PACMAN/CDM_BOOTCAMP_PACMAN/src/project.v:163$133: $auto$alumacc.cc:512:replace_alu$1631
  creating $alu cell for $gt$/home/runner/work/CDM_BOOTCAMP_PACMAN/CDM_BOOTCAMP_PACMAN/src/project.v:156$125: $auto$alumacc.cc:512:replace_alu$1642
  creating $alu cell for $gt$/home/runner/work/CDM_BOOTCAMP_PACMAN/CDM_BOOTCAMP_PACMAN/src/project.v:154$121: $auto$alumacc.cc:512:replace_alu$1653
  creating $alu cell for $gt$/home/runner/work/CDM_BOOTCAMP_PACMAN/CDM_BOOTCAMP_PACMAN/src/project.v:146$109: $auto$alumacc.cc:512:replace_alu$1664
  creating $alu cell for $ge$/home/runner/work/CDM_BOOTCAMP_PACMAN/CDM_BOOTCAMP_PACMAN/src/project.v:347$312: $auto$alumacc.cc:512:replace_alu$1675
  creating $alu cell for $ge$/home/runner/work/CDM_BOOTCAMP_PACMAN/CDM_BOOTCAMP_PACMAN/src/project.v:347$308, $procmux$779_CMP1: $auto$alumacc.cc:512:replace_alu$1688
  creating $alu cell for $ge$/home/runner/work/CDM_BOOTCAMP_PACMAN/CDM_BOOTCAMP_PACMAN/src/project.v:275$243: $auto$alumacc.cc:512:replace_alu$1701
  creating $alu cell for $ge$/home/runner/work/CDM_BOOTCAMP_PACMAN/CDM_BOOTCAMP_PACMAN/src/project.v:275$240: $auto$alumacc.cc:512:replace_alu$1714
  creating $alu cell for $ge$/home/runner/work/CDM_BOOTCAMP_PACMAN/CDM_BOOTCAMP_PACMAN/src/project.v:274$236: $auto$alumacc.cc:512:replace_alu$1727
  creating $alu cell for $ge$/home/runner/work/CDM_BOOTCAMP_PACMAN/CDM_BOOTCAMP_PACMAN/src/project.v:274$233: $auto$alumacc.cc:512:replace_alu$1740
  creating $alu cell for $ge$/home/runner/work/CDM_BOOTCAMP_PACMAN/CDM_BOOTCAMP_PACMAN/src/project.v:139$99: $auto$alumacc.cc:512:replace_alu$1753
  creating $alu cell for $ge$/home/runner/work/CDM_BOOTCAMP_PACMAN/CDM_BOOTCAMP_PACMAN/src/project.v:137$95: $auto$alumacc.cc:512:replace_alu$1766
  creating $alu cell for $ge$/home/runner/work/CDM_BOOTCAMP_PACMAN/CDM_BOOTCAMP_PACMAN/src/project.v:134$91: $auto$alumacc.cc:512:replace_alu$1779
  creating $alu cell for $ge$/home/runner/work/CDM_BOOTCAMP_PACMAN/CDM_BOOTCAMP_PACMAN/src/project.v:132$87: $auto$alumacc.cc:512:replace_alu$1792
  creating $alu cell for $ge$/home/runner/work/CDM_BOOTCAMP_PACMAN/CDM_BOOTCAMP_PACMAN/src/project.v:111$65: $auto$alumacc.cc:512:replace_alu$1805
  creating $alu cell for $ge$/home/runner/work/CDM_BOOTCAMP_PACMAN/CDM_BOOTCAMP_PACMAN/src/project.v:109$61: $auto$alumacc.cc:512:replace_alu$1818
  creating $alu cell for $ge$/home/runner/work/CDM_BOOTCAMP_PACMAN/CDM_BOOTCAMP_PACMAN/src/project.v:106$57: $auto$alumacc.cc:512:replace_alu$1831
  creating $alu cell for $ge$/home/runner/work/CDM_BOOTCAMP_PACMAN/CDM_BOOTCAMP_PACMAN/src/project.v:104$53: $auto$alumacc.cc:512:replace_alu$1844
  creating $alu cell for $flatten\hvsync_gen.$lt$/home/runner/work/CDM_BOOTCAMP_PACMAN/CDM_BOOTCAMP_PACMAN/src/hvsync_generator.v:20$768, $eq$/home/runner/work/CDM_BOOTCAMP_PACMAN/CDM_BOOTCAMP_PACMAN/src/project.v:189$151: $auto$alumacc.cc:512:replace_alu$1857
  creating $alu cell for $flatten\hvsync_gen.$lt$/home/runner/work/CDM_BOOTCAMP_PACMAN/CDM_BOOTCAMP_PACMAN/src/hvsync_generator.v:20$767: $auto$alumacc.cc:512:replace_alu$1864
  creating $alu cell for $flatten\hvsync_gen.$lt$/home/runner/work/CDM_BOOTCAMP_PACMAN/CDM_BOOTCAMP_PACMAN/src/hvsync_generator.v:19$764: $auto$alumacc.cc:512:replace_alu$1869
  creating $alu cell for $flatten\hvsync_gen.$lt$/home/runner/work/CDM_BOOTCAMP_PACMAN/CDM_BOOTCAMP_PACMAN/src/hvsync_generator.v:18$760: $auto$alumacc.cc:512:replace_alu$1874
  creating $alu cell for $flatten\hvsync_gen.$ge$/home/runner/work/CDM_BOOTCAMP_PACMAN/CDM_BOOTCAMP_PACMAN/src/hvsync_generator.v:19$763: $auto$alumacc.cc:512:replace_alu$1879
  creating $alu cell for $flatten\hvsync_gen.$ge$/home/runner/work/CDM_BOOTCAMP_PACMAN/CDM_BOOTCAMP_PACMAN/src/hvsync_generator.v:18$759: $auto$alumacc.cc:512:replace_alu$1892
  creating $alu cell for $add$/home/runner/work/CDM_BOOTCAMP_PACMAN/CDM_BOOTCAMP_PACMAN/src/project.v:101$49: $auto$alumacc.cc:512:replace_alu$1905
  creating $alu cell for $add$/home/runner/work/CDM_BOOTCAMP_PACMAN/CDM_BOOTCAMP_PACMAN/src/project.v:127$79: $auto$alumacc.cc:512:replace_alu$1908
  creating $alu cell for $add$/home/runner/work/CDM_BOOTCAMP_PACMAN/CDM_BOOTCAMP_PACMAN/src/project.v:129$83: $auto$alumacc.cc:512:replace_alu$1911
  creating $alu cell for $add$/home/runner/work/CDM_BOOTCAMP_PACMAN/CDM_BOOTCAMP_PACMAN/src/project.v:190$155: $auto$alumacc.cc:512:replace_alu$1914
  creating $alu cell for $add$/home/runner/work/CDM_BOOTCAMP_PACMAN/CDM_BOOTCAMP_PACMAN/src/project.v:199$164: $auto$alumacc.cc:512:replace_alu$1917
  creating $alu cell for $add$/home/runner/work/CDM_BOOTCAMP_PACMAN/CDM_BOOTCAMP_PACMAN/src/project.v:203$168: $auto$alumacc.cc:512:replace_alu$1920
  creating $alu cell for $add$/home/runner/work/CDM_BOOTCAMP_PACMAN/CDM_BOOTCAMP_PACMAN/src/project.v:219$189: $auto$alumacc.cc:512:replace_alu$1923
  creating $alu cell for $add$/home/runner/work/CDM_BOOTCAMP_PACMAN/CDM_BOOTCAMP_PACMAN/src/project.v:221$193: $auto$alumacc.cc:512:replace_alu$1926
  creating $alu cell for $add$/home/runner/work/CDM_BOOTCAMP_PACMAN/CDM_BOOTCAMP_PACMAN/src/project.v:256$208: $auto$alumacc.cc:512:replace_alu$1929
  creating $alu cell for $add$/home/runner/work/CDM_BOOTCAMP_PACMAN/CDM_BOOTCAMP_PACMAN/src/project.v:257$209: $auto$alumacc.cc:512:replace_alu$1932
  creating $alu cell for $add$/home/runner/work/CDM_BOOTCAMP_PACMAN/CDM_BOOTCAMP_PACMAN/src/project.v:99$45: $auto$alumacc.cc:512:replace_alu$1935
  creating $alu cell for $flatten\hvsync_gen.$add$/home/runner/work/CDM_BOOTCAMP_PACMAN/CDM_BOOTCAMP_PACMAN/src/hvsync_generator.v:15$756: $auto$alumacc.cc:512:replace_alu$1938
  creating $alu cell for $flatten\hvsync_gen.$add$/home/runner/work/CDM_BOOTCAMP_PACMAN/CDM_BOOTCAMP_PACMAN/src/hvsync_generator.v:16$758: $auto$alumacc.cc:512:replace_alu$1941
  creating $alu cell for $neg$/home/runner/work/CDM_BOOTCAMP_PACMAN/CDM_BOOTCAMP_PACMAN/src/project.v:208$172: $auto$alumacc.cc:512:replace_alu$1944
  creating $alu cell for $sub$/home/runner/work/CDM_BOOTCAMP_PACMAN/CDM_BOOTCAMP_PACMAN/src/project.v:100$47: $auto$alumacc.cc:512:replace_alu$1947
  creating $alu cell for $sub$/home/runner/work/CDM_BOOTCAMP_PACMAN/CDM_BOOTCAMP_PACMAN/src/project.v:119$75: $auto$alumacc.cc:512:replace_alu$1950
  creating $alu cell for $sub$/home/runner/work/CDM_BOOTCAMP_PACMAN/CDM_BOOTCAMP_PACMAN/src/project.v:120$76: $auto$alumacc.cc:512:replace_alu$1953
  creating $alu cell for $sub$/home/runner/work/CDM_BOOTCAMP_PACMAN/CDM_BOOTCAMP_PACMAN/src/project.v:126$77: $auto$alumacc.cc:512:replace_alu$1956
  creating $alu cell for $sub$/home/runner/work/CDM_BOOTCAMP_PACMAN/CDM_BOOTCAMP_PACMAN/src/project.v:128$81: $auto$alumacc.cc:512:replace_alu$1959
  creating $alu cell for $sub$/home/runner/work/CDM_BOOTCAMP_PACMAN/CDM_BOOTCAMP_PACMAN/src/project.v:149$111, $ge$/home/runner/work/CDM_BOOTCAMP_PACMAN/CDM_BOOTCAMP_PACMAN/src/project.v:149$110: $auto$alumacc.cc:512:replace_alu$1962
  creating $alu cell for $sub$/home/runner/work/CDM_BOOTCAMP_PACMAN/CDM_BOOTCAMP_PACMAN/src/project.v:149$112, $gt$/home/runner/work/CDM_BOOTCAMP_PACMAN/CDM_BOOTCAMP_PACMAN/src/project.v:160$130, $lt$/home/runner/work/CDM_BOOTCAMP_PACMAN/CDM_BOOTCAMP_PACMAN/src/project.v:159$129: $auto$alumacc.cc:512:replace_alu$1975
  creating $alu cell for $sub$/home/runner/work/CDM_BOOTCAMP_PACMAN/CDM_BOOTCAMP_PACMAN/src/project.v:150$115, $ge$/home/runner/work/CDM_BOOTCAMP_PACMAN/CDM_BOOTCAMP_PACMAN/src/project.v:150$114: $auto$alumacc.cc:512:replace_alu$1986
  creating $alu cell for $sub$/home/runner/work/CDM_BOOTCAMP_PACMAN/CDM_BOOTCAMP_PACMAN/src/project.v:150$116, $gt$/home/runner/work/CDM_BOOTCAMP_PACMAN/CDM_BOOTCAMP_PACMAN/src/project.v:162$132, $lt$/home/runner/work/CDM_BOOTCAMP_PACMAN/CDM_BOOTCAMP_PACMAN/src/project.v:161$131: $auto$alumacc.cc:512:replace_alu$1999
  creating $alu cell for $sub$/home/runner/work/CDM_BOOTCAMP_PACMAN/CDM_BOOTCAMP_PACMAN/src/project.v:192$157: $auto$alumacc.cc:512:replace_alu$2010
  creating $alu cell for $sub$/home/runner/work/CDM_BOOTCAMP_PACMAN/CDM_BOOTCAMP_PACMAN/src/project.v:197$162: $auto$alumacc.cc:512:replace_alu$2013
  creating $alu cell for $sub$/home/runner/work/CDM_BOOTCAMP_PACMAN/CDM_BOOTCAMP_PACMAN/src/project.v:201$166: $auto$alumacc.cc:512:replace_alu$2016
  creating $alu cell for $sub$/home/runner/work/CDM_BOOTCAMP_PACMAN/CDM_BOOTCAMP_PACMAN/src/project.v:218$187: $auto$alumacc.cc:512:replace_alu$2019
  creating $alu cell for $sub$/home/runner/work/CDM_BOOTCAMP_PACMAN/CDM_BOOTCAMP_PACMAN/src/project.v:220$191: $auto$alumacc.cc:512:replace_alu$2022
  creating $alu cell for $sub$/home/runner/work/CDM_BOOTCAMP_PACMAN/CDM_BOOTCAMP_PACMAN/src/project.v:252$203: $auto$alumacc.cc:512:replace_alu$2025
  creating $alu cell for $sub$/home/runner/work/CDM_BOOTCAMP_PACMAN/CDM_BOOTCAMP_PACMAN/src/project.v:253$204: $auto$alumacc.cc:512:replace_alu$2028
  creating $alu cell for $sub$/home/runner/work/CDM_BOOTCAMP_PACMAN/CDM_BOOTCAMP_PACMAN/src/project.v:310$250, $ge$/home/runner/work/CDM_BOOTCAMP_PACMAN/CDM_BOOTCAMP_PACMAN/src/project.v:309$249: $auto$alumacc.cc:512:replace_alu$2031
  creating $alu cell for $sub$/home/runner/work/CDM_BOOTCAMP_PACMAN/CDM_BOOTCAMP_PACMAN/src/project.v:310$251: $auto$alumacc.cc:512:replace_alu$2044
  creating $alu cell for $sub$/home/runner/work/CDM_BOOTCAMP_PACMAN/CDM_BOOTCAMP_PACMAN/src/project.v:312$254, $ge$/home/runner/work/CDM_BOOTCAMP_PACMAN/CDM_BOOTCAMP_PACMAN/src/project.v:311$253: $auto$alumacc.cc:512:replace_alu$2047
  creating $alu cell for $sub$/home/runner/work/CDM_BOOTCAMP_PACMAN/CDM_BOOTCAMP_PACMAN/src/project.v:312$255: $auto$alumacc.cc:512:replace_alu$2060
  creating $alu cell for $sub$/home/runner/work/CDM_BOOTCAMP_PACMAN/CDM_BOOTCAMP_PACMAN/src/project.v:334$282, $ge$/home/runner/work/CDM_BOOTCAMP_PACMAN/CDM_BOOTCAMP_PACMAN/src/project.v:333$281: $auto$alumacc.cc:512:replace_alu$2063
  creating $alu cell for $sub$/home/runner/work/CDM_BOOTCAMP_PACMAN/CDM_BOOTCAMP_PACMAN/src/project.v:334$283: $auto$alumacc.cc:512:replace_alu$2076
  creating $alu cell for $sub$/home/runner/work/CDM_BOOTCAMP_PACMAN/CDM_BOOTCAMP_PACMAN/src/project.v:336$286, $ge$/home/runner/work/CDM_BOOTCAMP_PACMAN/CDM_BOOTCAMP_PACMAN/src/project.v:335$285: $auto$alumacc.cc:512:replace_alu$2079
  creating $alu cell for $sub$/home/runner/work/CDM_BOOTCAMP_PACMAN/CDM_BOOTCAMP_PACMAN/src/project.v:336$287: $auto$alumacc.cc:512:replace_alu$2092
  creating $alu cell for $sub$/home/runner/work/CDM_BOOTCAMP_PACMAN/CDM_BOOTCAMP_PACMAN/src/project.v:80$41: $auto$alumacc.cc:512:replace_alu$2095
  creating $alu cell for $sub$/home/runner/work/CDM_BOOTCAMP_PACMAN/CDM_BOOTCAMP_PACMAN/src/project.v:81$42: $auto$alumacc.cc:512:replace_alu$2098
  creating $alu cell for $sub$/home/runner/work/CDM_BOOTCAMP_PACMAN/CDM_BOOTCAMP_PACMAN/src/project.v:98$43: $auto$alumacc.cc:512:replace_alu$2101
  created 110 $alu and 0 $macc cells.

68. Executing SHARE pass (SAT-based resource sharing).

69. Executing OPT_EXPR pass (perform const folding).
Optimizing module tt_um_ezumaex_pacman.
<suppressed ~18 debug messages>

70. Executing OPT_MERGE pass (detect identical cells).
Finding identical cells in module `\tt_um_ezumaex_pacman'.
Computing hashes of 865 cells of `\tt_um_ezumaex_pacman'.
Finding duplicate cells in `\tt_um_ezumaex_pacman'.
Removed a total of 0 cells.

71. Executing OPT_MUXTREE pass (detect dead branches in mux trees).
Running muxtree optimizer on module \tt_um_ezumaex_pacman..
  Creating internal representation of mux trees.
  Evaluating internal representation of mux trees.
  Analyzing evaluation results.
Removed 0 multiplexer ports.
<suppressed ~212 debug messages>

72. Executing OPT_REDUCE pass (consolidate $*mux and $reduce_* inputs).
  Optimizing cells in module \tt_um_ezumaex_pacman.
Performed a total of 0 changes.

73. Executing OPT_MERGE pass (detect identical cells).
Finding identical cells in module `\tt_um_ezumaex_pacman'.
Computing hashes of 865 cells of `\tt_um_ezumaex_pacman'.
Finding duplicate cells in `\tt_um_ezumaex_pacman'.
Removed a total of 0 cells.

74. Executing OPT_DFF pass (perform DFF optimizations).

75. Executing OPT_CLEAN pass (remove unused cells and wires).
Finding unused cells or wires in module \tt_um_ezumaex_pacman..
Removed 8 unused cells and 97 unused wires.
<suppressed ~10 debug messages>

76. Executing OPT_EXPR pass (perform const folding).
Optimizing module tt_um_ezumaex_pacman.

77. Rerunning OPT passes. (Maybe there is more to do…)

78. Executing OPT_MUXTREE pass (detect dead branches in mux trees).
Running muxtree optimizer on module \tt_um_ezumaex_pacman..
  Creating internal representation of mux trees.
  Evaluating internal representation of mux trees.
  Analyzing evaluation results.
Removed 0 multiplexer ports.
<suppressed ~212 debug messages>

79. Executing OPT_REDUCE pass (consolidate $*mux and $reduce_* inputs).
  Optimizing cells in module \tt_um_ezumaex_pacman.
Performed a total of 0 changes.

80. Executing OPT_MERGE pass (detect identical cells).
Finding identical cells in module `\tt_um_ezumaex_pacman'.
Computing hashes of 856 cells of `\tt_um_ezumaex_pacman'.
Finding duplicate cells in `\tt_um_ezumaex_pacman'.
Removed a total of 0 cells.

81. Executing OPT_DFF pass (perform DFF optimizations).

82. Executing OPT_CLEAN pass (remove unused cells and wires).
Finding unused cells or wires in module \tt_um_ezumaex_pacman..

83. Executing OPT_EXPR pass (perform const folding).
Optimizing module tt_um_ezumaex_pacman.

84. Executing MEMORY pass.

84.1. Executing OPT_MEM pass (optimize memories).
Performed a total of 0 transformations.

84.2. Executing OPT_MEM_PRIORITY pass (removing unnecessary memory write priority relations).
Performed a total of 0 transformations.

84.3. Executing OPT_MEM_FEEDBACK pass (finding memory read-to-write feedback paths).

84.4. Executing MEMORY_BMUX2ROM pass (converting muxes to ROMs).

84.5. Executing MEMORY_DFF pass (merging $dff cells to $memrd).

84.6. Executing OPT_CLEAN pass (remove unused cells and wires).
Finding unused cells or wires in module \tt_um_ezumaex_pacman..

84.7. Executing MEMORY_SHARE pass (consolidating $memrd/$memwr cells).

84.8. Executing OPT_MEM_WIDEN pass (optimize memories where all ports are wide).
Performed a total of 0 transformations.

84.9. Executing OPT_CLEAN pass (remove unused cells and wires).
Finding unused cells or wires in module \tt_um_ezumaex_pacman..

84.10. Executing MEMORY_COLLECT pass (generating $mem cells).

85. Executing OPT_CLEAN pass (remove unused cells and wires).
Finding unused cells or wires in module \tt_um_ezumaex_pacman..

86. Executing OPT_EXPR pass (perform const folding).
Optimizing module tt_um_ezumaex_pacman.
<suppressed ~75 debug messages>

87. Executing OPT_MERGE pass (detect identical cells).
Finding identical cells in module `\tt_um_ezumaex_pacman'.
Computing hashes of 941 cells of `\tt_um_ezumaex_pacman'.
Finding duplicate cells in `\tt_um_ezumaex_pacman'.
Computing hashes of 882 cells of `\tt_um_ezumaex_pacman'.
Finding duplicate cells in `\tt_um_ezumaex_pacman'.
<suppressed ~177 debug messages>
Removed a total of 59 cells.

88. Executing OPT_DFF pass (perform DFF optimizations).
Adding EN signal on $auto$ff.cc:337:slice$1181 ($adffe) from module tt_um_ezumaex_pacman (D = $0\px[9:0] [0], Q = \px [0]).
Adding EN signal on $auto$ff.cc:337:slice$1172 ($adffe) from module tt_um_ezumaex_pacman (D = $0\py[9:0] [0], Q = \py [0]).

89. Executing OPT_CLEAN pass (remove unused cells and wires).
Finding unused cells or wires in module \tt_um_ezumaex_pacman..
Removed 20 unused cells and 125 unused wires.
<suppressed ~21 debug messages>

90. Rerunning OPT passes (Removed registers in this run.)

91. Executing OPT_EXPR pass (perform const folding).
Optimizing module tt_um_ezumaex_pacman.
<suppressed ~2 debug messages>

92. Executing OPT_MERGE pass (detect identical cells).
Finding identical cells in module `\tt_um_ezumaex_pacman'.
Computing hashes of 866 cells of `\tt_um_ezumaex_pacman'.
Finding duplicate cells in `\tt_um_ezumaex_pacman'.
Removed a total of 0 cells.

93. Executing OPT_DFF pass (perform DFF optimizations).

94. Executing OPT_CLEAN pass (remove unused cells and wires).
Finding unused cells or wires in module \tt_um_ezumaex_pacman..
Removed 0 unused cells and 2 unused wires.
<suppressed ~1 debug messages>

95. Executing MEMORY_MAP pass (converting memories to logic and flip-flops).

96. Executing OPT_EXPR pass (perform const folding).
Optimizing module tt_um_ezumaex_pacman.

97. Executing OPT_MERGE pass (detect identical cells).
Finding identical cells in module `\tt_um_ezumaex_pacman'.
Computing hashes of 866 cells of `\tt_um_ezumaex_pacman'.
Finding duplicate cells in `\tt_um_ezumaex_pacman'.
Removed a total of 0 cells.

98. Executing OPT_MUXTREE pass (detect dead branches in mux trees).
Running muxtree optimizer on module \tt_um_ezumaex_pacman..
  Creating internal representation of mux trees.
  Evaluating internal representation of mux trees.
  Analyzing evaluation results.
Removed 0 multiplexer ports.
<suppressed ~181 debug messages>

99. Executing OPT_REDUCE pass (consolidate $*mux and $reduce_* inputs).
  Optimizing cells in module \tt_um_ezumaex_pacman.
    New input vector for $reduce_and cell $auto$opt_dff.cc:252:make_patterns_logic$2326: { \ui_in [4] $auto$opt_dff.cc:234:make_patterns_logic$1135 $auto$opt_dff.cc:234:make_patterns_logic$1138 $auto$opt_dff.cc:234:make_patterns_logic$1177 }
    New input vector for $reduce_and cell $auto$opt_dff.cc:252:make_patterns_logic$2320: { \ui_in [4] $auto$opt_dff.cc:234:make_patterns_logic$1135 $auto$opt_dff.cc:234:make_patterns_logic$1138 $auto$opt_dff.cc:234:make_patterns_logic$1186 $auto$opt_dff.cc:234:make_patterns_logic$1188 $auto$opt_dff.cc:234:make_patterns_logic$1190 }
    Consolidated identical input bits for $mux cell $procmux$884:
      Old ports: A=2'00, B=2'01, Y=$procmux$884_Y
      New ports: A=1'0, B=1'1, Y=$procmux$884_Y [0]
      New connections: $procmux$884_Y [1] = 1'0
    Consolidated identical input bits for $mux cell $procmux$977:
      Old ports: A={ $add$/home/runner/work/CDM_BOOTCAMP_PACMAN/CDM_BOOTCAMP_PACMAN/src/project.v:199$164_Y [9:1] 1'x }, B={ $sub$/home/runner/work/CDM_BOOTCAMP_PACMAN/CDM_BOOTCAMP_PACMAN/src/project.v:197$162_Y [9:1] 1'x }, Y=$procmux$977_Y
      New ports: A=$add$/home/runner/work/CDM_BOOTCAMP_PACMAN/CDM_BOOTCAMP_PACMAN/src/project.v:199$164_Y [9:1], B=$sub$/home/runner/work/CDM_BOOTCAMP_PACMAN/CDM_BOOTCAMP_PACMAN/src/project.v:197$162_Y [9:1], Y=$procmux$977_Y [9:1]
      New connections: $procmux$977_Y [0] = 1'x
    Consolidated identical input bits for $mux cell $procmux$991:
      Old ports: A={ $add$/home/runner/work/CDM_BOOTCAMP_PACMAN/CDM_BOOTCAMP_PACMAN/src/project.v:203$168_Y [9:1] 1'x }, B={ $sub$/home/runner/work/CDM_BOOTCAMP_PACMAN/CDM_BOOTCAMP_PACMAN/src/project.v:201$166_Y [9:1] 1'x }, Y=$procmux$1001_Y
      New ports: A=$add$/home/runner/work/CDM_BOOTCAMP_PACMAN/CDM_BOOTCAMP_PACMAN/src/project.v:203$168_Y [9:1], B=$sub$/home/runner/work/CDM_BOOTCAMP_PACMAN/CDM_BOOTCAMP_PACMAN/src/project.v:201$166_Y [9:1], Y=$procmux$1001_Y [9:1]
      New connections: $procmux$1001_Y [0] = 1'x
  Optimizing cells in module \tt_um_ezumaex_pacman.
Performed a total of 5 changes.

100. Executing OPT_MERGE pass (detect identical cells).
Finding identical cells in module `\tt_um_ezumaex_pacman'.
Computing hashes of 866 cells of `\tt_um_ezumaex_pacman'.
Finding duplicate cells in `\tt_um_ezumaex_pacman'.
Removed a total of 0 cells.

101. Executing OPT_SHARE pass.
    Found cells that share an operand and can be merged by moving the $mux $procmux$977 in front of them:
        $auto$alumacc.cc:512:replace_alu$2013
        $auto$alumacc.cc:512:replace_alu$1917

    Found cells that share an operand and can be merged by moving the $mux $procmux$991 in front of them:
        $auto$alumacc.cc:512:replace_alu$2016
        $auto$alumacc.cc:512:replace_alu$1920

102. Executing OPT_DFF pass (perform DFF optimizations).

103. Executing OPT_CLEAN pass (remove unused cells and wires).
Finding unused cells or wires in module \tt_um_ezumaex_pacman..
Removed 0 unused cells and 12 unused wires.
<suppressed ~1 debug messages>

104. Executing OPT_EXPR pass (perform const folding).
Optimizing module tt_um_ezumaex_pacman.
<suppressed ~5 debug messages>

105. Rerunning OPT passes. (Maybe there is more to do…)

106. Executing OPT_MUXTREE pass (detect dead branches in mux trees).
Running muxtree optimizer on module \tt_um_ezumaex_pacman..
  Creating internal representation of mux trees.
  Evaluating internal representation of mux trees.
  Analyzing evaluation results.
Removed 0 multiplexer ports.
<suppressed ~182 debug messages>

107. Executing OPT_REDUCE pass (consolidate $*mux and $reduce_* inputs).
  Optimizing cells in module \tt_um_ezumaex_pacman.
    Consolidated identical input bits for $mux cell $auto$opt_share.cc:244:merge_operators$2331:
      Old ports: A=9'111111111, B=9'000000001, Y=$auto$rtlil.cc:3472:Mux$2332
      New ports: A=1'1, B=1'0, Y=$auto$rtlil.cc:3472:Mux$2332 [1]
      New connections: { $auto$rtlil.cc:3472:Mux$2332 [8:2] $auto$rtlil.cc:3472:Mux$2332 [0] } = { $auto$rtlil.cc:3472:Mux$2332 [1] $auto$rtlil.cc:3472:Mux$2332 [1] $auto$rtlil.cc:3472:Mux$2332 [1] $auto$rtlil.cc:3472:Mux$2332 [1] $auto$rtlil.cc:3472:Mux$2332 [1] $auto$rtlil.cc:3472:Mux$2332 [1] $auto$rtlil.cc:3472:Mux$2332 [1] 1'1 }
    Consolidated identical input bits for $mux cell $auto$opt_share.cc:244:merge_operators$2338:
      Old ports: A=9'111111111, B=9'000000001, Y=$auto$rtlil.cc:3472:Mux$2339
      New ports: A=1'1, B=1'0, Y=$auto$rtlil.cc:3472:Mux$2339 [1]
      New connections: { $auto$rtlil.cc:3472:Mux$2339 [8:2] $auto$rtlil.cc:3472:Mux$2339 [0] } = { $auto$rtlil.cc:3472:Mux$2339 [1] $auto$rtlil.cc:3472:Mux$2339 [1] $auto$rtlil.cc:3472:Mux$2339 [1] $auto$rtlil.cc:3472:Mux$2339 [1] $auto$rtlil.cc:3472:Mux$2339 [1] $auto$rtlil.cc:3472:Mux$2339 [1] $auto$rtlil.cc:3472:Mux$2339 [1] 1'1 }
  Optimizing cells in module \tt_um_ezumaex_pacman.
Performed a total of 2 changes.

108. Executing OPT_MERGE pass (detect identical cells).
Finding identical cells in module `\tt_um_ezumaex_pacman'.
Computing hashes of 863 cells of `\tt_um_ezumaex_pacman'.
Finding duplicate cells in `\tt_um_ezumaex_pacman'.
Removed a total of 0 cells.

109. Executing OPT_SHARE pass.

110. Executing OPT_DFF pass (perform DFF optimizations).

111. Executing OPT_CLEAN pass (remove unused cells and wires).
Finding unused cells or wires in module \tt_um_ezumaex_pacman..
Removed 0 unused cells and 5 unused wires.
<suppressed ~1 debug messages>

112. Executing OPT_EXPR pass (perform const folding).
Optimizing module tt_um_ezumaex_pacman.
<suppressed ~2 debug messages>

113. Rerunning OPT passes. (Maybe there is more to do…)

114. Executing OPT_MUXTREE pass (detect dead branches in mux trees).
Running muxtree optimizer on module \tt_um_ezumaex_pacman..
  Creating internal representation of mux trees.
  Evaluating internal representation of mux trees.
  Analyzing evaluation results.
Removed 0 multiplexer ports.
<suppressed ~178 debug messages>

115. Executing OPT_REDUCE pass (consolidate $*mux and $reduce_* inputs).
  Optimizing cells in module \tt_um_ezumaex_pacman.
Performed a total of 0 changes.

116. Executing OPT_MERGE pass (detect identical cells).
Finding identical cells in module `\tt_um_ezumaex_pacman'.
Computing hashes of 863 cells of `\tt_um_ezumaex_pacman'.
Finding duplicate cells in `\tt_um_ezumaex_pacman'.
Removed a total of 0 cells.

117. Executing OPT_SHARE pass.

118. Executing OPT_DFF pass (perform DFF optimizations).

119. Executing OPT_CLEAN pass (remove unused cells and wires).
Finding unused cells or wires in module \tt_um_ezumaex_pacman..

120. Executing OPT_EXPR pass (perform const folding).
Optimizing module tt_um_ezumaex_pacman.

121. Executing TECHMAP pass (map to technology primitives).

121.1. Executing Verilog-2005 frontend: /nix/store/f1q0w7rd0a4ny4hqvfxlhs4cmariidcy-yosys-0.62/bin/../share/yosys/techmap.v
Parsing Verilog input from `/nix/store/f1q0w7rd0a4ny4hqvfxlhs4cmariidcy-yosys-0.62/bin/../share/yosys/techmap.v' to AST representation.
Generating RTLIL representation for module `\_90_simplemap_bool_ops'.
Generating RTLIL representation for module `\_90_simplemap_reduce_ops'.
Generating RTLIL representation for module `\_90_simplemap_logic_ops'.
Generating RTLIL representation for module `\_90_simplemap_compare_ops'.
Generating RTLIL representation for module `\_90_simplemap_various'.
Generating RTLIL representation for module `\_90_simplemap_registers'.
Generating RTLIL representation for module `\_90_shift_ops_shr_shl_sshl_sshr'.
Generating RTLIL representation for module `\_90_shift_shiftx'.
Generating RTLIL representation for module `\_90_fa'.
Generating RTLIL representation for module `\_90_lcu_brent_kung'.
Generating RTLIL representation for module `\_90_alu'.
Generating RTLIL representation for module `\_90_macc'.
Generating RTLIL representation for module `\_90_alumacc'.
Generating RTLIL representation for module `$__div_mod_u'.
Generating RTLIL representation for module `$__div_mod_trunc'.
Generating RTLIL representation for module `\_90_div'.
Generating RTLIL representation for module `\_90_mod'.
Generating RTLIL representation for module `$__div_mod_floor'.
Generating RTLIL representation for module `\_90_divfloor'.
Generating RTLIL representation for module `\_90_modfloor'.
Generating RTLIL representation for module `\_90_pow'.
Generating RTLIL representation for module `\_90_pmux'.
Generating RTLIL representation for module `\_90_demux'.
Generating RTLIL representation for module `\_90_lut'.
Generating RTLIL representation for module `$connect'.
Generating RTLIL representation for module `$input_port'.
Successfully finished Verilog frontend.

121.2. Continuing TECHMAP pass.
Using extmapper simplemap for cells of type $not.
Using extmapper simplemap for cells of type $adffe.
Using extmapper simplemap for cells of type $reduce_and.
Using template $paramod$7e708ae28ab761f11d0fb59d3ffc72f6a4baf5d9\_90_alu for cells of type $alu.
Using template $paramod$b8c0a997bce700f23568a5ada79cc6781d1f5ca0\_90_alu for cells of type $alu.
Using template $paramod$f956edc9fe4df758d9fdb10bfc518a364c99e75e\_90_alu for cells of type $alu.
Using template $paramod$68eb2ee261b49d479fb9d9ec0659e1d20891082b\_90_alu for cells of type $alu.
Using template $paramod$a1bc51c02ce12ac21eb18988e83292af48ed7d72\_90_alu for cells of type $alu.
Using extmapper simplemap for cells of type $reduce_or.
Using extmapper simplemap for cells of type $or.
Using template $paramod$5ccf584370207a3ccc3032757a8e590623d4de56\_90_alu for cells of type $alu.
Using template $paramod$1eb759649286d7485bd82f4dfc30385bade4b4b3\_90_alu for cells of type $alu.
Using template $paramod$d2fa05d38998afabc6d4f34471305d0af4b8b2df\_90_alu for cells of type $alu.
Using template $paramod$25417eb1ceb444220a2cc387484bf7cf31b9177f\_90_alu for cells of type $alu.
Using template $paramod$754650b284649a026620fc6856e5b6886cbfe794\_90_alu for cells of type $alu.
Using template $paramod$3ef7d3dd227da7627a99c5e5a6a4deb817573e39\_90_alu for cells of type $alu.
Using template $paramod$c3cd1564c35d873179656addd6052d7ea8b6d991\_90_alu for cells of type $alu.
Using template $paramod$32efbfac1c4dc57230cf86180788fdfd12e3b511\_90_alu for cells of type $alu.
Using template $paramod$00298f3f8094950cb9a5ff2fda48d0d8bde8806c\_90_alu for cells of type $alu.
Using template $paramod$cd54e322aa4265ca236096fe4bb634aaec4e39b4\_90_alu for cells of type $alu.
Using template $paramod$befd47b1c77b68561d11d0cb61a0fae29b79f34c\_90_alu for cells of type $alu.
Using template $paramod$78e969f2586efcf3a5b0b0440bcca0db83d5cca2\_90_alu for cells of type $alu.
Using template $paramod$dad13a281fa6a9ffd6dd427a87dc9a952e80e9ea\_90_alu for cells of type $alu.
Using template $paramod$b18e16801adf491a64caa0542270798e5d4ac6b6\_90_alu for cells of type $alu.
Using template $paramod$740b056ede97228d3eae64ea2fdc81f0a33e0fe7\_90_alu for cells of type $alu.
Using template $paramod$75108d6e8d490ab2eec24aee458e87cb2a6c124c\_90_alu for cells of type $alu.
Using template $paramod$50421b562f8eb1318d93ca56f0d931d9bef85d75\_90_alu for cells of type $alu.
Using template $paramod$fc972a7a46956c1788f3cb5257b53c8f1df2d0cc\_90_alu for cells of type $alu.
Using template $paramod$5d2e07eca6b9fbd538aff231e6f05d9604b7a77e\_90_alu for cells of type $alu.
Using template $paramod$84080732754e0a1b49900de9a1f112a13f8436c0\_90_alu for cells of type $alu.
Using template $paramod$2116a631f856d4d4902c2618dca73dafa3b8c9c0\_90_alu for cells of type $alu.
Using template $paramod$ba698a254f9a5947e85cbe7beae6b161eefc5386\_90_alu for cells of type $alu.
Using template $paramod$15a3b70ea5534c0cc298fa6d405a538b5f71cb9e\_90_alu for cells of type $alu.
Using extmapper simplemap for cells of type $sdff.
Using extmapper simplemap for cells of type $sdffe.
Using extmapper simplemap for cells of type $reduce_bool.
Using extmapper simplemap for cells of type $ne.
Using extmapper simplemap for cells of type $and.
Using extmapper simplemap for cells of type $eq.
Using extmapper simplemap for cells of type $logic_not.
Using extmapper simplemap for cells of type $adff.
Using extmapper simplemap for cells of type $mux.
Using extmapper simplemap for cells of type $logic_and.
Using template $paramod$constmap:12915ad0856e3e72a827bd186b7389c7621086bf$paramod$05fd02ee8975e559bee57b6e5e564b3ecd2ab687\_90_shift_shiftx for cells of type $shiftx.
Using template $paramod$constmap:fa393226669661cd420a2bdcb0a3956f911d7ac3$paramod$26de505cffdea93ae4a65cab40d30691657b5725\_90_shift_shiftx for cells of type $shift.
Analyzing pattern of constant bits for this cell:
  Constant input on bit 0 of port A: 1'0
Creating constmapped module `$paramod$constmap:b19815efdc3bb2472df959f3af6fb63a8c4dd282$paramod$26de505cffdea93ae4a65cab40d30691657b5725\_90_shift_shiftx'.

121.69. Executing OPT_MUXTREE pass (detect dead branches in mux trees).
Running muxtree optimizer on module $paramod$constmap:b19815efdc3bb2472df959f3af6fb63a8c4dd282$paramod$26de505cffdea93ae4a65cab40d30691657b5725\_90_shift_shiftx..
  Creating internal representation of mux trees.
  Evaluating internal representation of mux trees.
  Analyzing evaluation results.
    dead port 2/2 on $mux $procmux$3781.
    dead port 2/2 on $mux $procmux$3775.
    dead port 2/2 on $mux $procmux$3769.
    dead port 2/2 on $mux $procmux$3763.
    dead port 2/2 on $mux $procmux$3757.
    dead port 2/2 on $mux $procmux$3751.
Removed 6 multiplexer ports.
<suppressed ~1805 debug messages>

121.70. Executing OPT_EXPR pass (perform const folding).
Optimizing module $paramod$constmap:b19815efdc3bb2472df959f3af6fb63a8c4dd282$paramod$26de505cffdea93ae4a65cab40d30691657b5725\_90_shift_shiftx.
<suppressed ~9 debug messages>
Removed 0 unused cells and 19 unused wires.
Using template $paramod$constmap:b19815efdc3bb2472df959f3af6fb63a8c4dd282$paramod$26de505cffdea93ae4a65cab40d30691657b5725\_90_shift_shiftx for cells of type $shift.
Using extmapper simplemap for cells of type $logic_or.
Using extmapper simplemap for cells of type $xor.
Using template $paramod$eb7b5fa594d21f32e2ff3bd05b81752f0f326d5f\_90_pmux for cells of type $pmux.
Using extmapper simplemap for cells of type $pos.
Using template $paramod\_90_fa\WIDTH=32'00000000000000000000000000000111 for cells of type $fa.
Using template $paramod\_90_lcu_brent_kung\WIDTH=32'00000000000000000000000000000111 for cells of type $lcu.
Using template $paramod\_90_fa\WIDTH=32'00000000000000000000000000000011 for cells of type $fa.
Using template $paramod\_90_lcu_brent_kung\WIDTH=32'00000000000000000000000000000011 for cells of type $lcu.
Using template $paramod\_90_fa\WIDTH=32'00000000000000000000000000001000 for cells of type $fa.
Using template $paramod\_90_lcu_brent_kung\WIDTH=32'00000000000000000000000000001000 for cells of type $lcu.
Using template $paramod\_90_fa\WIDTH=32'00000000000000000000000000000010 for cells of type $fa.
Using template $paramod\_90_lcu_brent_kung\WIDTH=32'00000000000000000000000000000010 for cells of type $lcu.
Using template $paramod\_90_fa\WIDTH=32'00000000000000000000000000000100 for cells of type $fa.
Using template $paramod\_90_lcu_brent_kung\WIDTH=32'00000000000000000000000000000100 for cells of type $lcu.
Using template $paramod\_90_fa\WIDTH=32'00000000000000000000000000001010 for cells of type $fa.
Using template $paramod\_90_lcu_brent_kung\WIDTH=32'00000000000000000000000000001010 for cells of type $lcu.
Using template $paramod\_90_fa\WIDTH=32'00000000000000000000000000000110 for cells of type $fa.
Using template $paramod\_90_lcu_brent_kung\WIDTH=32'00000000000000000000000000000110 for cells of type $lcu.
Using template $paramod\_90_fa\WIDTH=32'00000000000000000000000000001001 for cells of type $fa.
Using template $paramod\_90_lcu_brent_kung\WIDTH=32'00000000000000000000000000001001 for cells of type $lcu.
Using template $paramod\_90_fa\WIDTH=32'00000000000000000000000000000101 for cells of type $fa.
Using template $paramod\_90_lcu_brent_kung\WIDTH=32'00000000000000000000000000000101 for cells of type $lcu.
Using template $paramod\_90_fa\WIDTH=32'00000000000000000000000000000001 for cells of type $fa.
Using template $paramod\_90_lcu_brent_kung\WIDTH=32'00000000000000000000000000000001 for cells of type $lcu.
No more expansions possible.
<suppressed ~4753 debug messages>

122. Executing OPT_EXPR pass (perform const folding).
Optimizing module tt_um_ezumaex_pacman.
<suppressed ~5686 debug messages>

123. Executing OPT_MERGE pass (detect identical cells).
Finding identical cells in module `\tt_um_ezumaex_pacman'.
Computing hashes of 5388 cells of `\tt_um_ezumaex_pacman'.
Finding duplicate cells in `\tt_um_ezumaex_pacman'.
Computing hashes of 4769 cells of `\tt_um_ezumaex_pacman'.
Finding duplicate cells in `\tt_um_ezumaex_pacman'.
Computing hashes of 4646 cells of `\tt_um_ezumaex_pacman'.
Finding duplicate cells in `\tt_um_ezumaex_pacman'.
Computing hashes of 4625 cells of `\tt_um_ezumaex_pacman'.
Finding duplicate cells in `\tt_um_ezumaex_pacman'.
Computing hashes of 4609 cells of `\tt_um_ezumaex_pacman'.
Finding duplicate cells in `\tt_um_ezumaex_pacman'.
Computing hashes of 4601 cells of `\tt_um_ezumaex_pacman'.
Finding duplicate cells in `\tt_um_ezumaex_pacman'.
Computing hashes of 4595 cells of `\tt_um_ezumaex_pacman'.
Finding duplicate cells in `\tt_um_ezumaex_pacman'.
<suppressed ~2379 debug messages>
Removed a total of 793 cells.

124. Executing OPT_DFF pass (perform DFF optimizations).

125. Executing OPT_CLEAN pass (remove unused cells and wires).
Finding unused cells or wires in module \tt_um_ezumaex_pacman..
Removed 1241 unused cells and 5796 unused wires.
<suppressed ~1242 debug messages>

126. Executing OPT_EXPR pass (perform const folding).
Optimizing module tt_um_ezumaex_pacman.

127. Executing OPT_MERGE pass (detect identical cells).
Finding identical cells in module `\tt_um_ezumaex_pacman'.
Computing hashes of 3354 cells of `\tt_um_ezumaex_pacman'.
Finding duplicate cells in `\tt_um_ezumaex_pacman'.
Removed a total of 0 cells.

128. Executing OPT_DFF pass (perform DFF optimizations).

129. Executing OPT_CLEAN pass (remove unused cells and wires).
Finding unused cells or wires in module \tt_um_ezumaex_pacman..

130. Executing ABC pass (technology mapping using ABC).

130.1. Extracting gate netlist of module `\tt_um_ezumaex_pacman' to `<abc-temp-dir>/input.blif'..
Replacing 1 occurrences of constant undef bits with constant zero bits

130.1.1. Executed ABC.
Extracted 3216 gates and 3362 wires to a netlist network with 143 inputs and 152 outputs.
Running ABC script: <abc-temp-dir>/abc.script
ABC: ======== ABC command line "source <abc-temp-dir>/abc.script"
ABC: + read_blif <abc-temp-dir>/input.blif 
ABC: + read_library /tmp/yosys-abc-RjFvxn/stdcells.genlib 
ABC: + strash 
ABC: + dretime 
ABC: + map 
ABC: + write_blif <abc-temp-dir>/output.blif 

130.1.2. Re-integrating ABC results.
ABC RESULTS:               AND cells:       83
ABC RESULTS:            ANDNOT cells:      877
ABC RESULTS:               MUX cells:      414
ABC RESULTS:              NAND cells:       80
ABC RESULTS:               NOR cells:      173
ABC RESULTS:               NOT cells:      176
ABC RESULTS:                OR cells:      454
ABC RESULTS:             ORNOT cells:      164
ABC RESULTS:              XNOR cells:       70
ABC RESULTS:               XOR cells:      275
ABC RESULTS:              ZERO cells:        1
ABC RESULTS:        internal signals:     3067
ABC RESULTS:           input signals:      143
ABC RESULTS:          output signals:      152
Removing temp directory.
Removing global temp directory.

131. Executing OPT pass (performing simple optimizations).

131.1. Executing OPT_EXPR pass (perform const folding).
Optimizing module tt_um_ezumaex_pacman.
<suppressed ~170 debug messages>

131.2. Executing OPT_MERGE pass (detect identical cells).
Finding identical cells in module `\tt_um_ezumaex_pacman'.
Computing hashes of 2904 cells of `\tt_um_ezumaex_pacman'.
Finding duplicate cells in `\tt_um_ezumaex_pacman'.
Computing hashes of 2862 cells of `\tt_um_ezumaex_pacman'.
Finding duplicate cells in `\tt_um_ezumaex_pacman'.
Computing hashes of 2861 cells of `\tt_um_ezumaex_pacman'.
Finding duplicate cells in `\tt_um_ezumaex_pacman'.
<suppressed ~129 debug messages>
Removed a total of 43 cells.

131.3. Executing OPT_DFF pass (perform DFF optimizations).
Setting constant 0-bit at position 0 on $auto$ff.cc:337:slice$2433 ($_DFFE_PN0P_) from module tt_um_ezumaex_pacman.
Setting constant 0-bit at position 0 on $auto$ff.cc:337:slice$2451 ($_DFFE_PN0P_) from module tt_um_ezumaex_pacman.

131.4. Executing OPT_CLEAN pass (remove unused cells and wires).
Finding unused cells or wires in module \tt_um_ezumaex_pacman..
Removed 5 unused cells and 1840 unused wires.
<suppressed ~100 debug messages>

131.5. Rerunning OPT passes. (Removed registers in this run.)

131.6. Executing OPT_EXPR pass (perform const folding).
Optimizing module tt_um_ezumaex_pacman.
<suppressed ~8 debug messages>

131.7. Executing OPT_MERGE pass (detect identical cells).
Finding identical cells in module `\tt_um_ezumaex_pacman'.
Computing hashes of 2850 cells of `\tt_um_ezumaex_pacman'.
Finding duplicate cells in `\tt_um_ezumaex_pacman'.
Computing hashes of 2847 cells of `\tt_um_ezumaex_pacman'.
Finding duplicate cells in `\tt_um_ezumaex_pacman'.
<suppressed ~9 debug messages>
Removed a total of 3 cells.

131.8. Executing OPT_DFF pass (perform DFF optimizations).

131.9. Executing OPT_CLEAN pass (remove unused cells and wires).
Finding unused cells or wires in module \tt_um_ezumaex_pacman..
Removed 0 unused cells and 11 unused wires.
<suppressed ~1 debug messages>

131.10. Finished fast OPT passes.

132. Executing HIERARCHY pass (managing design hierarchy).

132.1. Analyzing design hierarchy..
Top module:  \tt_um_ezumaex_pacman

132.2. Analyzing design hierarchy..
Top module:  \tt_um_ezumaex_pacman
Removed 0 unused modules.

133. Executing CHECK pass (checking for obvious problems).
Checking module tt_um_ezumaex_pacman...
Found and reported 0 problems.

134. Printing statistics.

=== tt_um_ezumaex_pacman ===

        +----------Local Count, excluding submodules.
        | 
     2690 wires
     3203 wire bits
       96 public wires
      473 public wire bits
        8 ports
       43 port bits
     2847 cells
      863   $_ANDNOT_
       75   $_AND_
       16   $_DFFE_PN0N_
       39   $_DFFE_PN0P_
       57   $_DFFE_PN1P_
        2   $_DFF_PN0_
        1   $_DFF_PN1_
      412   $_MUX_
       79   $_NAND_
      157   $_NOR_
      175   $_NOT_
      163   $_ORNOT_
      452   $_OR_
       10   $_SDFFE_PN0P_
       10   $_SDFF_PP0_
       64   $_XNOR_
      271   $_XOR_
        1   $scopeinfo

135. Executing OPT pass (performing simple optimizations).

135.1. Executing OPT_EXPR pass (perform const folding).
Optimizing module tt_um_ezumaex_pacman.

135.2. Executing OPT_MERGE pass (detect identical cells).
Finding identical cells in module `\tt_um_ezumaex_pacman'.
Computing hashes of 2847 cells of `\tt_um_ezumaex_pacman'.
Finding duplicate cells in `\tt_um_ezumaex_pacman'.
Removed a total of 0 cells.

135.3. Executing OPT_MUXTREE pass (detect dead branches in mux trees).
Running muxtree optimizer on module \tt_um_ezumaex_pacman..
  Creating internal representation of mux trees.
  No muxes found in this module.
Removed 0 multiplexer ports.

135.4. Executing OPT_REDUCE pass (consolidate $*mux and $reduce_* inputs).
  Optimizing cells in module \tt_um_ezumaex_pacman.
Performed a total of 0 changes.

135.5. Executing OPT_MERGE pass (detect identical cells).
Finding identical cells in module `\tt_um_ezumaex_pacman'.
Computing hashes of 2847 cells of `\tt_um_ezumaex_pacman'.
Finding duplicate cells in `\tt_um_ezumaex_pacman'.
Removed a total of 0 cells.

135.6. Executing OPT_DFF pass (perform DFF optimizations).

135.7. Executing OPT_CLEAN pass (remove unused cells and wires).
Finding unused cells or wires in module \tt_um_ezumaex_pacman..

135.8. Executing OPT_EXPR pass (perform const folding).
Optimizing module tt_um_ezumaex_pacman.

135.9. Finished fast OPT passes. (There is nothing left to do.)

136. Executing OPT_CLEAN pass (remove unused cells and wires).
Finding unused cells or wires in module \tt_um_ezumaex_pacman..
Removed 1 unused cells and 65 unused wires.
<suppressed ~66 debug messages>
{
   "creator": "Yosys 0.62 (git sha1 7326bb7d6641500ecb285c291a54a662cb1e76cf, clang++ 21.1.2 -fPIC -O3)",
   "invocation": "stat -json -liberty /home/runner/work/CDM_BOOTCAMP_PACMAN/CDM_BOOTCAMP_PACMAN/runs/wokwi/tmp/d1662bb148ac43379bca3e781a0e5559.lib -liberty /home/runner/work/CDM_BOOTCAMP_PACMAN/CDM_BOOTCAMP_PACMAN/runs/wokwi/tmp/21ee453c2a36424ebbc21fa307e89e47.lib ",
   "modules": {
      "\\tt_um_ezumaex_pacman": {
         "num_wires":         2625,
         "num_wire_bits":     2960,
         "num_pub_wires":     31,
         "num_pub_wire_bits": 230,
         "num_ports":         8,
         "num_port_bits":     43,
         "num_memories":      0,
         "num_memory_bits":   0,
         "num_processes":     0,
         "num_cells":         2846,
         "num_submodules":       0,
         "num_cells_by_type": {
            "$_ANDNOT_": 863,
            "$_AND_": 75,
            "$_DFFE_PN0N_": 16,
            "$_DFFE_PN0P_": 39,
            "$_DFFE_PN1P_": 57,
            "$_DFF_PN0_": 2,
            "$_DFF_PN1_": 1,
            "$_MUX_": 412,
            "$_NAND_": 79,
            "$_NOR_": 157,
            "$_NOT_": 175,
            "$_ORNOT_": 163,
            "$_OR_": 452,
            "$_SDFFE_PN0P_": 10,
            "$_SDFF_PP0_": 10,
            "$_XNOR_": 64,
            "$_XOR_": 271
         }
      }
   },
      "design": {
         "num_wires":         2625,
         "num_wire_bits":     2960,
         "num_pub_wires":     31,
         "num_pub_wire_bits": 230,
         "num_ports":         8,
         "num_port_bits":     43,
         "num_memories":      0,
         "num_memory_bits":   0,
         "num_processes":     0,
         "num_cells":         2846,
         "num_submodules":       0,
         "num_cells_by_type": {
            "$_ANDNOT_": 863,
            "$_AND_": 75,
            "$_DFFE_PN0N_": 16,
            "$_DFFE_PN0P_": 39,
            "$_DFFE_PN1P_": 57,
            "$_DFF_PN0_": 2,
            "$_DFF_PN1_": 1,
            "$_MUX_": 412,
            "$_NAND_": 79,
            "$_NOR_": 157,
            "$_NOT_": 175,
            "$_ORNOT_": 163,
            "$_OR_": 452,
            "$_SDFFE_PN0P_": 10,
            "$_SDFF_PP0_": 10,
            "$_XNOR_": 64,
            "$_XOR_": 271
         }
      }
}

137. Printing statistics.

=== tt_um_ezumaex_pacman ===

        +----------Local Count, excluding submodules.
        | 
     2625 wires
     2960 wire bits
       31 public wires
      230 public wire bits
        8 ports
       43 port bits
     2846 cells
      863   $_ANDNOT_
       75   $_AND_
       16   $_DFFE_PN0N_
       39   $_DFFE_PN0P_
       57   $_DFFE_PN1P_
        2   $_DFF_PN0_
        1   $_DFF_PN1_
      412   $_MUX_
       79   $_NAND_
      157   $_NOR_
      175   $_NOT_
      163   $_ORNOT_
      452   $_OR_
       10   $_SDFFE_PN0P_
       10   $_SDFF_PP0_
       64   $_XNOR_
      271   $_XOR_

   Area for cell type $_ANDNOT_ is unknown!
   Area for cell type $_AND_ is unknown!
   Area for cell type $_DFFE_PN0N_ is unknown!
   Area for cell type $_DFFE_PN0P_ is unknown!
   Area for cell type $_DFFE_PN1P_ is unknown!
   Area for cell type $_DFF_PN0_ is unknown!
   Area for cell type $_DFF_PN1_ is unknown!
   Area for cell type $_MUX_ is unknown!
   Area for cell type $_NAND_ is unknown!
   Area for cell type $_NOR_ is unknown!
   Area for cell type $_NOT_ is unknown!
   Area for cell type $_ORNOT_ is unknown!
   Area for cell type $_OR_ is unknown!
   Area for cell type $_SDFFE_PN0P_ is unknown!
   Area for cell type $_SDFF_PP0_ is unknown!
   Area for cell type $_XNOR_ is unknown!
   Area for cell type $_XOR_ is unknown!

[INFO] Applying tri-state buffer mapping from '/home/runner/.ciel/ciel/ihp-sg13g2/versions/c4b8b4e5e7a05f375cca3815d51b3a37721fbf5c/ihp-sg13g2/libs.tech/librelane/sg13g2_stdcell/tribuff_map.v'…

138. Executing TECHMAP pass (map to technology primitives).

138.1. Executing Verilog-2005 frontend: /home/runner/.ciel/ciel/ihp-sg13g2/versions/c4b8b4e5e7a05f375cca3815d51b3a37721fbf5c/ihp-sg13g2/libs.tech/librelane/sg13g2_stdcell/tribuff_map.v
Parsing Verilog input from `/home/runner/.ciel/ciel/ihp-sg13g2/versions/c4b8b4e5e7a05f375cca3815d51b3a37721fbf5c/ihp-sg13g2/libs.tech/librelane/sg13g2_stdcell/tribuff_map.v' to AST representation.
Generating RTLIL representation for module `$_TBUF_'.
Successfully finished Verilog frontend.

138.2. Continuing TECHMAP pass.
No more expansions possible.
<suppressed ~3 debug messages>

139. Executing SIMPLEMAP pass (map simple cells to gate primitives).
[INFO] Applying latch mapping from '/home/runner/.ciel/ciel/ihp-sg13g2/versions/c4b8b4e5e7a05f375cca3815d51b3a37721fbf5c/ihp-sg13g2/libs.tech/librelane/sg13g2_stdcell/latch_map.v'…

140. Executing TECHMAP pass (map to technology primitives).

140.1. Executing Verilog-2005 frontend: /home/runner/.ciel/ciel/ihp-sg13g2/versions/c4b8b4e5e7a05f375cca3815d51b3a37721fbf5c/ihp-sg13g2/libs.tech/librelane/sg13g2_stdcell/latch_map.v
Parsing Verilog input from `/home/runner/.ciel/ciel/ihp-sg13g2/versions/c4b8b4e5e7a05f375cca3815d51b3a37721fbf5c/ihp-sg13g2/libs.tech/librelane/sg13g2_stdcell/latch_map.v' to AST representation.
Generating RTLIL representation for module `$_DLATCH_P_'.
Generating RTLIL representation for module `$_DLATCH_PN0_'.
Generating RTLIL representation for module `$_DLATCH_N_'.
Generating RTLIL representation for module `$_DLATCH_NN0_'.
Successfully finished Verilog frontend.

140.2. Continuing TECHMAP pass.
No more expansions possible.
<suppressed ~6 debug messages>

141. Executing SIMPLEMAP pass (map simple cells to gate primitives).

142. Executing DFFLIBMAP pass (mapping DFF cells to sequential cells from liberty file).
  cell sg13g2_dfrbpq_1 (noninv, pins=4, area=48.99) is a direct match for cell type $_DFF_PN0_.
  final dff cell mappings:
    unmapped dff cell: $_DFF_N_
    unmapped dff cell: $_DFF_P_
    unmapped dff cell: $_DFF_NN0_
    unmapped dff cell: $_DFF_NN1_
    unmapped dff cell: $_DFF_NP0_
    unmapped dff cell: $_DFF_NP1_
    \sg13g2_dfrbpq_1 _DFF_PN0_ (.CLK( C), .D( D), .Q( Q), .RESET_B( R));
    unmapped dff cell: $_DFF_PN1_
    unmapped dff cell: $_DFF_PP0_
    unmapped dff cell: $_DFF_PP1_
    unmapped dff cell: $_DFFE_NN_
    unmapped dff cell: $_DFFE_NP_
    unmapped dff cell: $_DFFE_PN_
    unmapped dff cell: $_DFFE_PP_
    unmapped dff cell: $_DFFSR_NNN_
    unmapped dff cell: $_DFFSR_NNP_
    unmapped dff cell: $_DFFSR_NPN_
    unmapped dff cell: $_DFFSR_NPP_
    unmapped dff cell: $_DFFSR_PNN_
    unmapped dff cell: $_DFFSR_PNP_
    unmapped dff cell: $_DFFSR_PPN_
    unmapped dff cell: $_DFFSR_PPP_

142.1. Executing DFFLEGALIZE pass (convert FFs to types supported by the target).
<suppressed ~4 debug messages>
Mapping DFF cells in module `\tt_um_ezumaex_pacman':
  mapped 135 $_DFF_PN0_ cells to \sg13g2_dfrbpq_1 cells.
{
   "creator": "Yosys 0.62 (git sha1 7326bb7d6641500ecb285c291a54a662cb1e76cf, clang++ 21.1.2 -fPIC -O3)",
   "invocation": "stat -json -liberty /home/runner/work/CDM_BOOTCAMP_PACMAN/CDM_BOOTCAMP_PACMAN/runs/wokwi/tmp/d1662bb148ac43379bca3e781a0e5559.lib -liberty /home/runner/work/CDM_BOOTCAMP_PACMAN/CDM_BOOTCAMP_PACMAN/runs/wokwi/tmp/21ee453c2a36424ebbc21fa307e89e47.lib ",
   "modules": {
      "\\tt_um_ezumaex_pacman": {
         "num_wires":         2883,
         "num_wire_bits":     3218,
         "num_pub_wires":     31,
         "num_pub_wire_bits": 230,
         "num_ports":         8,
         "num_port_bits":     43,
         "num_memories":      0,
         "num_memory_bits":   0,
         "num_processes":     0,
         "num_cells":         3104,
         "num_submodules":       0,
         "area":              6613.488000,
         "sequential_area":    6613.488000,
         "num_cells_by_type": {
            "$_ANDNOT_": 863,
            "$_AND_": 75,
            "$_MUX_": 554,
            "$_NAND_": 79,
            "$_NOR_": 157,
            "$_NOT_": 291,
            "$_ORNOT_": 163,
            "$_OR_": 452,
            "$_XNOR_": 64,
            "$_XOR_": 271,
            "sg13g2_dfrbpq_1": 135
         }
      }
   },
      "design": {
         "num_wires":         2883,
         "num_wire_bits":     3218,
         "num_pub_wires":     31,
         "num_pub_wire_bits": 230,
         "num_ports":         8,
         "num_port_bits":     43,
         "num_memories":      0,
         "num_memory_bits":   0,
         "num_processes":     0,
         "num_cells":         3104,
         "num_submodules":       0,
         "area":              6613.488000,
         "sequential_area":    6613.488000,
         "num_cells_by_type": {
            "$_ANDNOT_": 863,
            "$_AND_": 75,
            "$_MUX_": 554,
            "$_NAND_": 79,
            "$_NOR_": 157,
            "$_NOT_": 291,
            "$_ORNOT_": 163,
            "$_OR_": 452,
            "$_XNOR_": 64,
            "$_XOR_": 271,
            "sg13g2_dfrbpq_1": 135
         }
      }
}

143. Printing statistics.

=== tt_um_ezumaex_pacman ===

        +----------Local Count, excluding submodules.
        |        +-Local Area, excluding submodules.
        |        | 
     2883        - wires
     3218        - wire bits
       31        - public wires
      230        - public wire bits
        8        - ports
       43        - port bits
     3104 6.61E+03 cells
      863        -   $_ANDNOT_
       75        -   $_AND_
      554        -   $_MUX_
       79        -   $_NAND_
      157        -   $_NOR_
      291        -   $_NOT_
      163        -   $_ORNOT_
      452        -   $_OR_
       64        -   $_XNOR_
      271        -   $_XOR_
      135 6.61E+03   sg13g2_dfrbpq_1

   Area for cell type $_ANDNOT_ is unknown!
   Area for cell type $_AND_ is unknown!
   Area for cell type $_MUX_ is unknown!
   Area for cell type $_NAND_ is unknown!
   Area for cell type $_NOR_ is unknown!
   Area for cell type $_NOT_ is unknown!
   Area for cell type $_ORNOT_ is unknown!
   Area for cell type $_OR_ is unknown!
   Area for cell type $_XNOR_ is unknown!
   Area for cell type $_XOR_ is unknown!

   Chip area for module '\tt_um_ezumaex_pacman': 6613.488000
     of which used for sequential elements: 6613.488000 (100.00%)

[INFO] Using generated ABC script '/home/runner/work/CDM_BOOTCAMP_PACMAN/CDM_BOOTCAMP_PACMAN/runs/wokwi/06-yosys-synthesis/AREA_0.abc'…

144. Executing ABC pass (technology mapping using ABC).

144.1. Extracting gate netlist of module `\tt_um_ezumaex_pacman' to `/tmp/yosys-abc-wukahu/input.blif'..

144.1.1. Executed ABC.
Extracted 2969 gates and 3111 wires to a netlist network with 141 inputs and 141 outputs.
Running ABC script: /tmp/yosys-abc-wukahu/abc.script
ABC: ======== ABC command line "source /tmp/yosys-abc-wukahu/abc.script"
ABC: + read_blif /tmp/yosys-abc-wukahu/input.blif 
ABC: + read_lib -w /home/runner/work/CDM_BOOTCAMP_PACMAN/CDM_BOOTCAMP_PACMAN/runs/wokwi/tmp/d1662bb148ac43379bca3e781a0e5559.lib 
ABC: Parsing finished successfully.  Parsing time =     0.01 sec
ABC: Scl_LibertyReadGenlib() skipped cell "sg13g2_antennanp" due to dont_use attribute.
ABC: Scl_LibertyReadGenlib() skipped cell "sg13g2_decap_4" due to dont_use attribute.
ABC: Scl_LibertyReadGenlib() skipped cell "sg13g2_decap_8" due to dont_use attribute.
ABC: Scl_LibertyReadGenlib() skipped sequential cell "sg13g2_dfrbp_1".
ABC: Scl_LibertyReadGenlib() skipped sequential cell "sg13g2_dfrbpq_1".
ABC: Scl_LibertyReadGenlib() skipped sequential cell "sg13g2_dfrbpq_2".
ABC: Scl_LibertyReadGenlib() skipped sequential cell "sg13g2_dlhq_1".
ABC: Scl_LibertyReadGenlib() skipped sequential cell "sg13g2_dlhr_1".
ABC: Scl_LibertyReadGenlib() skipped sequential cell "sg13g2_dlhrq_1".
ABC: Scl_LibertyReadGenlib() skipped sequential cell "sg13g2_dllr_1".
ABC: Scl_LibertyReadGenlib() skipped sequential cell "sg13g2_dllrq_1".
ABC: Scl_LibertyReadGenlib() skipped three-state cell "sg13g2_ebufn_2".
ABC: Scl_LibertyReadGenlib() skipped three-state cell "sg13g2_ebufn_4".
ABC: Scl_LibertyReadGenlib() skipped three-state cell "sg13g2_ebufn_8".
ABC: Scl_LibertyReadGenlib() skipped three-state cell "sg13g2_einvn_2".
ABC: Scl_LibertyReadGenlib() skipped three-state cell "sg13g2_einvn_4".
ABC: Scl_LibertyReadGenlib() skipped three-state cell "sg13g2_einvn_8".
ABC: Scl_LibertyReadGenlib() skipped cell "sg13g2_fill_1" due to dont_use attribute.
ABC: Scl_LibertyReadGenlib() skipped cell "sg13g2_fill_2" due to dont_use attribute.
ABC: Scl_LibertyReadGenlib() skipped cell "sg13g2_fill_4" due to dont_use attribute.
ABC: Scl_LibertyReadGenlib() skipped cell "sg13g2_fill_8" due to dont_use attribute.
ABC: Scl_LibertyReadGenlib() skipped sequential cell "sg13g2_sdfrbp_1".
ABC: Scl_LibertyReadGenlib() skipped sequential cell "sg13g2_sdfrbp_2".
ABC: Scl_LibertyReadGenlib() skipped sequential cell "sg13g2_sdfrbpq_1".
ABC: Scl_LibertyReadGenlib() skipped sequential cell "sg13g2_sdfrbpq_2".
ABC: Library "sg13g2_stdcell_typ_1p20V_25C" from "/home/runner/work/CDM_BOOTCAMP_PACMAN/CDM_BOOTCAMP_PACMAN/runs/wokwi/tmp/d1662bb148ac43379bca3e781a0e5559.lib" has 54 cells (25 skipped: 12 seq; 6 tri-state; 0 no func; 7 dont_use; 0 with 2 outputs; 0 with 3+ outputs).  Time =     0.02 sec
ABC: Memory =    2.63 MB. Time =     0.02 sec
ABC: + read_lib -m -w /home/runner/work/CDM_BOOTCAMP_PACMAN/CDM_BOOTCAMP_PACMAN/runs/wokwi/tmp/21ee453c2a36424ebbc21fa307e89e47.lib 
ABC: Parsing finished successfully.  Parsing time =     0.00 sec
ABC: Scl_LibertyReadGenlib() skipped cell "sg13g2_IOPadIOVdd" without logic function.
ABC: Scl_LibertyReadGenlib() skipped cell "sg13g2_IOPadIOVss" without logic function.
ABC: Scl_LibertyReadGenlib() skipped cell "sg13g2_IOPadIn" due to dont_use attribute.
ABC: Scl_LibertyReadGenlib() skipped cell "sg13g2_IOPadInOut16mA" due to dont_use attribute.
ABC: Scl_LibertyReadGenlib() skipped cell "sg13g2_IOPadInOut30mA" due to dont_use attribute.
ABC: Scl_LibertyReadGenlib() skipped cell "sg13g2_IOPadInOut4mA" due to dont_use attribute.
ABC: Scl_LibertyReadGenlib() skipped cell "sg13g2_IOPadOut16mA" due to dont_use attribute.
ABC: Scl_LibertyReadGenlib() skipped cell "sg13g2_IOPadOut30mA" due to dont_use attribute.
ABC: Scl_LibertyReadGenlib() skipped cell "sg13g2_IOPadOut4mA" due to dont_use attribute.
ABC: Scl_LibertyReadGenlib() skipped cell "sg13g2_IOPadTriOut16mA" due to dont_use attribute.
ABC: Scl_LibertyReadGenlib() skipped cell "sg13g2_IOPadTriOut30mA" due to dont_use attribute.
ABC: Scl_LibertyReadGenlib() skipped cell "sg13g2_IOPadTriOut4mA" due to dont_use attribute.
ABC: Scl_LibertyReadGenlib() skipped cell "sg13g2_IOPadVdd" without logic function.
ABC: Scl_LibertyReadGenlib() skipped cell "sg13g2_IOPadVss" without logic function.
ABC: Scl_LibertyReadGenlib() skipped cell "sg13g2_IOPadAnalog" due to dont_use attribute.
ABC: Library "sg13g2_io_typ_1p2V_3p3V_25C" from "/home/runner/work/CDM_BOOTCAMP_PACMAN/CDM_BOOTCAMP_PACMAN/runs/wokwi/tmp/21ee453c2a36424ebbc21fa307e89e47.lib" has 0 cells (15 skipped: 0 seq; 0 tri-state; 4 no func; 11 dont_use; 0 with 2 outputs; 0 with 3+ outputs).  Time =     0.00 sec
ABC: Memory =    0.38 MB. Time =     0.00 sec
ABC: Updated library "sg13g2_stdcell_typ_1p20V_25C" with additional 0 cells from library "sg13g2_io_typ_1p2V_3p3V_25C".
ABC: + read_constr -v /home/runner/work/CDM_BOOTCAMP_PACMAN/CDM_BOOTCAMP_PACMAN/runs/wokwi/06-yosys-synthesis/synthesis.abc.sdc 
ABC: Setting driving cell to be "sg13g2_buf_4/X".
ABC: Setting output load to be 6.000000.
ABC: + source /home/runner/work/CDM_BOOTCAMP_PACMAN/CDM_BOOTCAMP_PACMAN/runs/wokwi/06-yosys-synthesis/AREA_0.abc 
ABC: Error: The network is combinational.
ABC: Cannot find the default PI driving cell (sg13g2_buf_4/X) in the library.
ABC: WireLoad = "none"  Gates =   1676 (  3.9 %)   Cap =  8.0 ff (  2.3 %)   Area =    16233.32 ( 95.5 %)   Delay =  2617.42 ps  (  1.3 %)               
ABC: Path  0 --      67 : 0    6 pi              A =   0.00  Df =   0.0   -0.0 ps  S =   0.0 ps  Cin =  0.0 ff  Cout =  23.5 ff  Cmax =   0.0 ff  G =    0  
ABC: Path  1 --     375 : 2   20 sg13g2_xnor2_1  A =  14.52  Df = 388.4  -83.3 ps  S = 512.0 ps  Cin =  5.4 ff  Cout =  59.8 ff  Cmax = 300.0 ff  G = 1107  
ABC: Path  2 --    1198 : 3    1 sg13g2_mux2_1   A =  18.14  Df = 896.4 -193.2 ps  S =  53.5 ps  Cin =  3.6 ff  Cout =   5.1 ff  Cmax = 300.0 ff  G =  142  
ABC: Path  3 --    1199 : 2    2 sg13g2_xnor2_1  A =  14.52  Df =1002.3 -191.8 ps  S =  94.8 ps  Cin =  5.4 ff  Cout =   6.2 ff  Cmax = 300.0 ff  G =  112  
ABC: Path  4 --    1202 : 2    2 sg13g2_nand2_1  A =   7.26  Df =1063.9 -171.4 ps  S =  53.0 ps  Cin =  2.9 ff  Cout =   6.2 ff  Cmax = 300.0 ff  G =  205  
ABC: Path  5 --    1203 : 3    1 sg13g2_a21oi_1  A =   9.07  Df =1127.1 -154.9 ps  S =  61.1 ps  Cin =  3.0 ff  Cout =   3.1 ff  Cmax = 300.0 ff  G =  101  
ABC: Path  6 --    1209 : 5   10 sg13g2_a221oi_1 A =  14.52  Df =1607.3 -401.1 ps  S = 573.8 ps  Cin =  3.0 ff  Cout =  41.4 ff  Cmax = 300.0 ff  G = 1378  
ABC: Path  7 --    1229 : 2    2 sg13g2_xnor2_1  A =  14.52  Df =1859.6 -478.7 ps  S = 186.3 ps  Cin =  5.4 ff  Cout =   8.6 ff  Cmax = 300.0 ff  G =  157  
ABC: Path  8 --    1236 : 3    2 sg13g2_o21ai_1  A =   9.07  Df =1959.0 -152.8 ps  S =  98.0 ps  Cin =  3.3 ff  Cout =   5.4 ff  Cmax = 300.0 ff  G =  159  
ABC: Path  9 --    1237 : 2    3 sg13g2_nand2b_1 A =   9.07  Df =2026.9 -121.7 ps  S =  71.3 ps  Cin =  2.6 ff  Cout =   9.4 ff  Cmax = 300.0 ff  G =  346  
ABC: Path 10 --    1244 : 3    3 sg13g2_nand3_1  A =   9.07  Df =2142.1 -161.7 ps  S = 103.5 ps  Cin =  3.0 ff  Cout =   9.2 ff  Cmax = 300.0 ff  G =  303  
ABC: Path 11 --    1251 : 3    2 sg13g2_nand3_1  A =   9.07  Df =2220.3 -136.6 ps  S =  84.2 ps  Cin =  3.0 ff  Cout =   6.4 ff  Cmax = 300.0 ff  G =  210  
ABC: Path 12 --    1255 : 3    2 sg13g2_o21ai_1  A =   9.07  Df =2297.1 -135.1 ps  S = 136.3 ps  Cin =  3.3 ff  Cout =   8.6 ff  Cmax = 300.0 ff  G =  261  
ABC: Path 13 --    1263 : 3    1 sg13g2_a21oi_1  A =   9.07  Df =2389.4 -125.5 ps  S =  75.9 ps  Cin =  3.0 ff  Cout =   5.7 ff  Cmax = 300.0 ff  G =  188  
ABC: Path 14 --    1265 : 2    1 sg13g2_xnor2_1  A =  14.52  Df =2494.6 -127.5 ps  S =  71.0 ps  Cin =  5.4 ff  Cout =   2.9 ff  Cmax = 300.0 ff  G =   52  
ABC: Path 15 --    1266 : 3    1 sg13g2_a21o_1   A =  12.70  Df =2617.4 -126.1 ps  S =  46.9 ps  Cin =  2.7 ff  Cout =   6.0 ff  Cmax = 300.0 ff  G =  220  
ABC: Start-point = pi66 ($auto$ff.cc:792:flip_bits$17533).  End-point = po22 ($auto$rtlil.cc:3583:MuxGate$17580).
ABC: netlist                       : i/o =  141/  141  lat =    0  nd =  1676  edge =   4299  area =16233.86  delay =16.00  lev = 16
ABC: + write_blif /tmp/yosys-abc-wukahu/output.blif 

144.1.2. Re-integrating ABC results.
ABC RESULTS:     sg13g2_a21o_1 cells:       35
ABC RESULTS:    sg13g2_a21oi_1 cells:      229
ABC RESULTS:   sg13g2_a221oi_1 cells:       51
ABC RESULTS:    sg13g2_a22oi_1 cells:       51
ABC RESULTS:     sg13g2_and2_1 cells:       53
ABC RESULTS:     sg13g2_and3_1 cells:       10
ABC RESULTS:     sg13g2_and4_1 cells:        7
ABC RESULTS:      sg13g2_inv_1 cells:       66
ABC RESULTS:     sg13g2_mux2_1 cells:       30
ABC RESULTS:     sg13g2_mux4_1 cells:        2
ABC RESULTS:    sg13g2_nand2_1 cells:      184
ABC RESULTS:   sg13g2_nand2b_1 cells:       77
ABC RESULTS:    sg13g2_nand3_1 cells:       80
ABC RESULTS:   sg13g2_nand3b_1 cells:        2
ABC RESULTS:    sg13g2_nand4_1 cells:       31
ABC RESULTS:     sg13g2_nor2_1 cells:      236
ABC RESULTS:    sg13g2_nor2b_1 cells:       62
ABC RESULTS:     sg13g2_nor3_1 cells:       70
ABC RESULTS:     sg13g2_nor4_1 cells:       21
ABC RESULTS:    sg13g2_o21ai_1 cells:      160
ABC RESULTS:      sg13g2_or2_1 cells:       28
ABC RESULTS:      sg13g2_or3_1 cells:        6
ABC RESULTS:      sg13g2_or4_1 cells:        5
ABC RESULTS:    sg13g2_xnor2_1 cells:      135
ABC RESULTS:     sg13g2_xor2_1 cells:       45
ABC RESULTS:        internal signals:     2829
ABC RESULTS:           input signals:      141
ABC RESULTS:          output signals:      141
Removing temp directory.
Removing global temp directory.

145. Executing SETUNDEF pass (replace undef values with defined constants).

146. Executing HILOMAP pass (mapping to constant drivers).

147. Executing SPLITNETS pass (splitting up multi-bit signals).

148. Executing OPT_CLEAN pass (remove unused cells and wires).
Finding unused cells or wires in module \tt_um_ezumaex_pacman..
Removed 6 unused cells and 3207 unused wires.
<suppressed ~115 debug messages>

149. Executing INSBUF pass (insert buffer cells for connected wires).
Add tt_um_ezumaex_pacman/$auto$insbuf.cc:97:execute$19802: \uo_out [4] -> \uo_out [0]
Add tt_um_ezumaex_pacman/$auto$insbuf.cc:97:execute$19803: \uo_out [6] -> \uo_out [2]
Add tt_um_ezumaex_pacman/$auto$insbuf.cc:97:execute$19804: \hvsync_gen.vsync -> \uo_out [3]
Add tt_um_ezumaex_pacman/$auto$insbuf.cc:97:execute$19805: \hsync -> \uo_out [7]

150. Executing CHECK pass (checking for obvious problems).
Checking module tt_um_ezumaex_pacman...
Found and reported 0 problems.
{
   "creator": "Yosys 0.62 (git sha1 7326bb7d6641500ecb285c291a54a662cb1e76cf, clang++ 21.1.2 -fPIC -O3)",
   "invocation": "stat -json -liberty /home/runner/work/CDM_BOOTCAMP_PACMAN/CDM_BOOTCAMP_PACMAN/runs/wokwi/tmp/d1662bb148ac43379bca3e781a0e5559.lib -liberty /home/runner/work/CDM_BOOTCAMP_PACMAN/CDM_BOOTCAMP_PACMAN/runs/wokwi/tmp/21ee453c2a36424ebbc21fa307e89e47.lib ",
   "modules": {
      "\\tt_um_ezumaex_pacman": {
         "num_wires":         1835,
         "num_wire_bits":     1870,
         "num_pub_wires":     87,
         "num_pub_wire_bits": 122,
         "num_ports":         8,
         "num_port_bits":     43,
         "num_memories":      0,
         "num_memory_bits":   0,
         "num_processes":     0,
         "num_cells":         1851,
         "num_submodules":       0,
         "area":              23137.115400,
         "sequential_area":    6613.488000,
         "num_cells_by_type": {
            "sg13g2_a21o_1": 35,
            "sg13g2_a21oi_1": 229,
            "sg13g2_a221oi_1": 51,
            "sg13g2_a22oi_1": 51,
            "sg13g2_and2_1": 53,
            "sg13g2_and3_1": 10,
            "sg13g2_and4_1": 7,
            "sg13g2_buf_1": 4,
            "sg13g2_dfrbpq_1": 135,
            "sg13g2_inv_1": 66,
            "sg13g2_mux2_1": 30,
            "sg13g2_mux4_1": 2,
            "sg13g2_nand2_1": 184,
            "sg13g2_nand2b_1": 77,
            "sg13g2_nand3_1": 80,
            "sg13g2_nand3b_1": 2,
            "sg13g2_nand4_1": 31,
            "sg13g2_nor2_1": 236,
            "sg13g2_nor2b_1": 62,
            "sg13g2_nor3_1": 70,
            "sg13g2_nor4_1": 21,
            "sg13g2_o21ai_1": 160,
            "sg13g2_or2_1": 28,
            "sg13g2_or3_1": 6,
            "sg13g2_or4_1": 5,
            "sg13g2_tiehi": 20,
            "sg13g2_tielo": 16,
            "sg13g2_xnor2_1": 135,
            "sg13g2_xor2_1": 45
         }
      }
   },
      "design": {
         "num_wires":         1835,
         "num_wire_bits":     1870,
         "num_pub_wires":     87,
         "num_pub_wire_bits": 122,
         "num_ports":         8,
         "num_port_bits":     43,
         "num_memories":      0,
         "num_memory_bits":   0,
         "num_processes":     0,
         "num_cells":         1851,
         "num_submodules":       0,
         "area":              23137.115400,
         "sequential_area":    6613.488000,
         "num_cells_by_type": {
            "sg13g2_a21o_1": 35,
            "sg13g2_a21oi_1": 229,
            "sg13g2_a221oi_1": 51,
            "sg13g2_a22oi_1": 51,
            "sg13g2_and2_1": 53,
            "sg13g2_and3_1": 10,
            "sg13g2_and4_1": 7,
            "sg13g2_buf_1": 4,
            "sg13g2_dfrbpq_1": 135,
            "sg13g2_inv_1": 66,
            "sg13g2_mux2_1": 30,
            "sg13g2_mux4_1": 2,
            "sg13g2_nand2_1": 184,
            "sg13g2_nand2b_1": 77,
            "sg13g2_nand3_1": 80,
            "sg13g2_nand3b_1": 2,
            "sg13g2_nand4_1": 31,
            "sg13g2_nor2_1": 236,
            "sg13g2_nor2b_1": 62,
            "sg13g2_nor3_1": 70,
            "sg13g2_nor4_1": 21,
            "sg13g2_o21ai_1": 160,
            "sg13g2_or2_1": 28,
            "sg13g2_or3_1": 6,
            "sg13g2_or4_1": 5,
            "sg13g2_tiehi": 20,
            "sg13g2_tielo": 16,
            "sg13g2_xnor2_1": 135,
            "sg13g2_xor2_1": 45
         }
      }
}

151. Printing statistics.

=== tt_um_ezumaex_pacman ===

        +----------Local Count, excluding submodules.
        |        +-Local Area, excluding submodules.
        |        | 
     1835        - wires
     1870        - wire bits
       87        - public wires
      122        - public wire bits
        8        - ports
       43        - port bits
     1851 2.31E+04 cells
       35  444.528   sg13g2_a21o_1
      229 2.08E+03   sg13g2_a21oi_1
       51  740.275   sg13g2_a221oi_1
       51  553.279   sg13g2_a22oi_1
       53  480.816   sg13g2_and2_1
       10  127.008   sg13g2_and3_1
        7  101.606   sg13g2_and4_1
        4    29.03   sg13g2_buf_1
      135 6.61E+03   sg13g2_dfrbpq_1
       66  359.251   sg13g2_inv_1
       30   544.32   sg13g2_mux2_1
        2   76.205   sg13g2_mux4_1
      184 1.34E+03   sg13g2_nand2_1
       77  698.544   sg13g2_nand2b_1
       80   725.76   sg13g2_nand3_1
        2   25.402   sg13g2_nand3b_1
       31  337.478   sg13g2_nand4_1
      236 1.71E+03   sg13g2_nor2_1
       62  562.464   sg13g2_nor2b_1
       70   635.04   sg13g2_nor3_1
       21  228.614   sg13g2_nor4_1
      160  1451.52   sg13g2_o21ai_1
       28  254.016   sg13g2_or2_1
        6   76.205   sg13g2_or3_1
        5   72.576   sg13g2_or4_1
       20  145.152   sg13g2_tiehi
       16  116.122   sg13g2_tielo
      135 1.96E+03   sg13g2_xnor2_1
       45  653.184   sg13g2_xor2_1

   Chip area for module '\tt_um_ezumaex_pacman': 23137.115400
     of which used for sequential elements: 6613.488000 (28.58%)

152. Executing Verilog backend.
Dumping module `\tt_um_ezumaex_pacman'.

153. Executing JSON backend.
